Year,HS2,Value,TotalValue,Share,ShareSquared
2007, T,15166641.402,67485036.617,0.22474080421821105,0.050508429080648266
2007,01,180632.96,67485036.617,0.0026766372081140303,7.1643867438604705e-06
2007,02,25.17,67485036.617,3.7297156913240063e-07,1.391077913810851e-13
2007,03,534117.687,67485036.617,0.007914609130781026,6.264103769304238e-05
2007,04,527.682,67485036.617,7.819244479257982e-06,6.114058422640644e-11
2007,05,6366.737999999999,67485036.617,9.434295836769494e-05,8.90059379356862e-09
2007,06,18254.517,67485036.617,0.0002704972526517315,7.316876369213465e-08
2007,07,2848.293,67485036.617,4.220628961298501e-05,1.7813708828951665e-09
2007,08,48028.812,67485036.617,0.0007116957240844287,5.065108036800593e-07
2007,10,28.799999999999997,67485036.617,4.267612709977408e-07,1.8212518242360717e-13
2007,11,721.5360000000001,67485036.617,1.06917923760634e-05,1.1431442421284745e-10
2007,12,2630.736,67485036.617,3.898250829928863e-05,1.519635953304107e-09
2007,13,445.34999999999997,67485036.617,6.59924069579319e-06,4.354997776101298e-11
2007,15,0.024,67485036.617,3.5563439249811735e-10,1.2647582112750498e-19
2007,16,4301.902,67485036.617,6.374601268151817e-05,4.063554132792275e-09
2007,17,0.46799999999999997,67485036.617,6.934870653713288e-09,4.8092430983733765e-17
2007,18,799.53,67485036.617,1.1847515243084157e-05,1.4036361743511146e-10
2007,19,472.626,67485036.617,7.0034191828673e-06,4.904788025095368e-11
2007,20,436.914,67485036.617,6.474235206830102e-06,4.1915721513358415e-11
2007,21,87.396,67485036.617,1.2950426402818944e-06,1.6771354401483002e-12
2007,22,5150.715,67485036.617,7.632380833149753e-05,5.825323718223172e-09
2007,23,526.155,67485036.617,7.79661724103529e-06,6.078724040320872e-11
2007,24,8.514,67485036.617,1.2616130073870714e-07,1.5916673804082506e-14
2007,25,615690.1630000001,67485036.617,0.009123358211898828,8.323566506262178e-05
2007,26,1142739.459,67485036.617,0.01693322722021218,0.0002867341840913347
2007,27,26476977.547000002,67485036.617,0.3923384927130683,0.15392949286436236
2007,28,2329023.146,67485036.617,0.03451169715174018,0.0011910572402934311
2007,29,2418745.191,67485036.617,0.03584120735870949,0.0012845921449300116
2007,30,169.686,67485036.617,2.5144240635598144e-06,6.32232837140865e-12
2007,31,3059425.461,67485036.617,0.04533487146733366,0.0020552505709596634
2007,32,570.207,67485036.617,8.449384168465584e-06,7.139209282631685e-11
2007,33,74.322,67485036.617,1.101310804968545e-06,1.2128854891404647e-12
2007,34,165034.08899999998,67485036.617,0.002445491582624801,5.980429080688754e-06
2007,35,5.64,67485036.617,8.357408223705757e-08,6.984627221766462e-15
2007,36,3.99,67485036.617,5.9124217752812013e-08,3.4956731248819313e-15
2007,37,0.27599999999999997,67485036.617,4.089795513728349e-09,1.6726427344112533e-17
2007,38,21240.534,67485036.617,0.00031474435022606695,9.906400599922908e-08
2007,39,920588.305,67485036.617,0.013641369274564441,0.00018608695568503078
2007,40,706416.456,67485036.617,0.010467749465843045,0.00010957377887965735
2007,41,9299.904,67485036.617,0.00013780690455545048,1.899074294315504e-08
2007,42,1922.4959999999999,67485036.617,2.848773737666919e-05,8.115511808420749e-10
2007,43,16487.556,67485036.617,0.0002443142484099454,5.968945197611651e-08
2007,44,11540227.396,67485036.617,0.17100423996944128,0.029242450087526257
2007,47,1704343.7880000002,67485036.617,0.025255136152221674,0.0006378219020672541
2007,48,262104.606,67485036.617,0.0038838921802403503,1.5084618467732141e-05
2007,49,32809.701,67485036.617,0.00048617742013249473,2.3636848384668828e-07
2007,50,22632.774999999998,67485036.617,0.0003353747161529824,1.1247620023469351e-07
2007,51,31721.646,67485036.617,0.0004700545126770973,2.2095124488810342e-07
2007,52,47.949,67485036.617,7.105130619121762e-07,5.04828811147816e-13
2007,53,2062.881,67485036.617,3.056797630128787e-05,9.344011751560968e-10
2007,54,21949.719,67485036.617,0.00032525312425289103,1.0578959483626657e-07
2007,55,8737.509,67485036.617,0.00012947327938174304,1.6763330073862886e-08
2007,56,51.885,67485036.617,7.688371022818674e-07,5.911104898451787e-13
2007,57,135.282,67485036.617,2.004622161913763e-06,4.0185100120358095e-12
2007,58,519.366,67485036.617,7.696017162257384e-06,5.922868016176021e-11
2007,59,95.277,67485036.617,1.4118240839184636e-06,1.993247243932209e-12
2007,61,128.482,67485036.617,1.9038590840392965e-06,3.6246794118789492e-12
2008, T,21147334.469,94311657.52,0.22422821340527746,0.05027829168692265
2008,01,130534.857,94311657.52,0.0013840797673640548,1.9156768024265358e-06
2008,02,25.512,94311657.52,2.705073865825108e-07,7.317424619569994e-14
2008,03,375930.522,94311657.52,0.003986045117702222,1.588855568035772e-05
2008,04,21.564,94311657.52,2.2864617765229158e-07,5.227907455500328e-14
2008,05,11616.255,94311657.52,0.00012316881396699686,1.517055673403668e-08
2008,06,5873.925,94311657.52,6.228206729114435e-05,3.879055906058632e-09
2008,07,2772.0840000000003,94311657.52,2.9392803317152435e-05,8.639368868408072e-10
2008,08,10889.625,94311657.52,0.00011546425210150416,1.3331993513359707e-08
2008,11,850.7399999999999,94311657.52,9.02051795473523e-06,8.136974417170067e-11
2008,12,3103.6050000000005,94311657.52,3.2907967918407556e-05,1.082934352518941e-09
2008,15,5.721,94311657.52,6.066058163368392e-08,3.6797061641368314e-15
2008,16,4039.013,94311657.52,4.2826232792520645e-05,1.8340862151991706e-09
2008,17,1.44,94311657.52,1.5268526053575397e-08,2.331278878487107e-16
2008,18,74.73599999999999,94311657.52,7.924365021805631e-07,6.279556099881655e-13
2008,19,133.84199999999998,94311657.52,1.4191458778212766e-06,2.0139750225371217e-12
2008,20,134.29500000000002,94311657.52,1.4239491016422974e-06,2.027631044067906e-12
2008,21,113.38499999999999,94311657.52,1.202237379572671e-06,1.4453747168417626e-12
2008,22,6599.085,94311657.52,6.997104253629069e-05,4.8959467936154015e-09
2008,25,1182110.198,94311657.52,0.012534083580805676,0.00015710325121062244
2008,26,2255040.405,94311657.52,0.023910516094172024,0.0005717127798896594
2008,27,44264723.88,94311657.52,0.46934520126118134,0.22028491794689883
2008,28,2622685.104,94311657.52,0.027808705444963958,0.000773324098524768
2008,29,2110777.281,94311657.52,0.022380873547391347,0.0005009035007443217
2008,30,1551.003,94311657.52,1.6445506746301113e-05,2.7045469214263543e-10
2008,31,4608837.705,94311657.52,0.048868165677425794,0.0023880976166763363
2008,32,17402.345999999998,94311657.52,0.00018451956478773165,3.40474697894539e-08
2008,33,12.738,94311657.52,1.350628367155857e-07,1.8241969861660964e-14
2008,34,186755.595,94311657.52,0.001980196297158663,3.921177375280881e-06
2008,35,34.365,94311657.52,3.6437701238272125e-07,1.327706071529578e-13
2008,37,152.55,94311657.52,1.6175094788006438e-06,2.61633691400993e-12
2008,38,59347.233,94311657.52,0.0006292672036584095,3.9597721360007417e-07
2008,39,1174971.433,94311657.52,0.012458390234005082,0.0001552114872227532
2008,40,918989.043,94311657.52,0.009744172323608209,9.49488942721722e-05
2008,41,9631.252,94311657.52,0.00010212154311843761,1.0428809568890913e-08
2008,42,798.324,94311657.52,8.464743606385086e-06,7.165188432183719e-11
2008,43,23909.579999999998,94311657.52,0.0002535166980278092,6.427071617892338e-08
2008,44,10710489.120000001,94311657.52,0.11356484873281657,0.012896974867707509
2008,47,2103593.556,94311657.52,0.022304703483277302,0.0004974997974769226
2008,48,284973.996,94311657.52,0.003021620057303813,9.1301877707007e-06
2008,49,39397.701,94311657.52,0.00041773946122880106,1.74506257467729e-07
2008,50,13155.673,94311657.52,0.00013949148330056834,1.9457873913392738e-08
2008,51,9120.144,94311657.52,9.670219185858288e-05,9.351313910254172e-09
2008,52,0.09,94311657.52,9.542828783484623e-10,9.10655811909026e-19
2008,53,277.29900000000004,94311657.52,2.9402409764794476e-06,8.645016999768816e-12
2008,54,7771.491,94311657.52,8.240223111710188e-05,6.790127693076274e-09
2008,55,3586.242,94311657.52,3.802543709126829e-05,1.4459338659820025e-09
2008,56,8.22,94311657.52,8.71578362224929e-08,7.596488414986896e-15
2008,58,13.167000000000002,94311657.52,1.3961158510238005e-07,1.9491394694799105e-14
2008,59,896.136,94311657.52,9.501858238574195e-06,9.02853099859603e-11
2008,61,589.975,94311657.52,6.25558934615149e-06,3.913239806768403e-11
2009, T,16669000.0,70551211.211,0.23626809113379263,0.05582261088800614
2009,01,672653.867,70551211.211,0.009534263912043555,9.090218834449606e-05
2009,03,2012385.174,70551211.211,0.02852375089609006,0.0008136043651821985
2009,04,43.326,70551211.211,6.14107103993203e-07,3.7712753517491866e-13
2009,05,4362.906,70551211.211,6.184027070707125e-05,3.824219081123855e-09
2009,06,14341.310000000001,70551211.211,0.00020327517775859213,4.1320797892787227e-08
2009,07,2338.185,70551211.211,3.314167056618075e-05,1.0983703279172513e-09
2009,08,36421.854,70551211.211,0.0005162470406223342,2.66511006951318e-07
2009,09,0.069,70551211.211,9.780129754773348e-10,9.5650938020203e-19
2009,10,481.32,70551211.211,6.822278338503634e-06,4.65434817280159e-11
2009,11,641.367,70551211.211,9.090800696274951e-06,8.264265729939314e-11
2009,12,2744.469,70551211.211,3.890038105500443e-05,1.5132396462245474e-09
2009,15,38.046,70551211.211,5.39267850217546e-07,2.908098142782537e-13
2009,16,32935.314,70551211.211,0.00046682847019449735,2.179288205841347e-07
2009,17,6.939,70551211.211,9.835408749039458e-08,9.67352652606819e-15
2009,18,63.717,70551211.211,9.031311993983962e-07,8.156459633267857e-13
2009,19,166.863,70551211.211,2.365133030827167e-06,5.5938542535097e-12
2009,20,159.873,70551211.211,2.2660560641809843e-06,5.135010086011413e-12
2009,21,241.81199999999998,70551211.211,3.42746773371196e-06,1.17475350656366e-11
2009,22,4319.904,70551211.211,6.123075601183248e-05,3.749205481780559e-09
2009,23,90078.387,70551211.211,0.001276780163711143,1.6301675864462534e-06
2009,24,0.30300000000000005,70551211.211,4.294752631443949e-09,1.844490016529472e-17
2009,25,875681.201,70551211.211,0.012411993868979362,0.00015405759180358127
2009,26,1986313.434,70551211.211,0.028154207417636846,0.0007926593953153176
2009,27,30066460.294,70551211.211,0.4261650477421171,0.18161664791704096
2009,28,1873454.2240000002,70551211.211,0.026554529565722046,0.0007051430404568063
2009,29,1554302.154,70551211.211,0.022030835861222762,0.0004853577287441389
2009,30,361.926,70551211.211,5.129975712501592e-06,2.6316650810856214e-11
2009,31,1722508.842,70551211.211,0.02441501446160055,0.0005960929311601641
2009,32,13248.341999999999,70551211.211,0.00018778333883422236,3.526258234372836e-08
2009,33,35.876999999999995,70551211.211,5.085242249449324e-07,2.5859688735584414e-13
2009,34,98726.964,70551211.211,0.0013993659684273002,1.958225113592476e-06
2009,35,0.28800000000000003,70551211.211,4.0821411150358325e-09,1.666387608306599e-17
2009,36,0.024,70551211.211,3.4017842625298597e-10,1.1572136168795822e-19
2009,37,74.814,70551211.211,1.0604211992371205e-06,1.1244931197914929e-12
2009,38,11190.171,70551211.211,0.00015861061501174178,2.515732719440297e-08
2009,39,1805761.2680000002,70551211.211,0.025595042764034855,0.0006551062140927729
2009,40,702721.944,70551211.211,0.009960451875139956,9.921060155697906e-05
2009,41,6547.496000000001,70551211.211,9.280487021573838e-05,8.612743935760044e-09
2009,42,1295.247,70551211.211,1.8358961919537556e-05,3.370514827630301e-10
2009,43,15344.301,70551211.211,0.0002174916735888383,4.730262808047378e-08
2009,44,8553195.659,70551211.211,0.1212338599463538,0.014697648797492129
2009,47,1322697.102,70551211.211,0.01874804244032272,0.00035148909534414184
2009,48,300512.691,70551211.211,0.004259497262226244,1.814331692691287e-05
2009,49,76791.828,70551211.211,0.001088455133255416,1.1847345771100652e-06
2009,50,5874.198,70551211.211,8.326147629743491e-05,6.932473435228315e-09
2009,51,4165.623,70551211.211,5.904396152096842e-05,3.4861893920895996e-09
2009,52,0.378,70551211.211,5.357810213484529e-09,2.870613028371914e-17
2009,53,440.043,70551211.211,6.23721396765178e-06,3.890283807827046e-11
2009,54,7700.085,70551211.211,0.00010914178322142598,1.191192884475274e-08
2009,55,52.31100000000001,70551211.211,7.414614023216647e-07,5.497650111328094e-13
2009,56,1902.057,70551211.211,2.695994820431149e-05,7.268388071791583e-10
2009,59,246.98399999999998,70551211.211,3.5007761845694785e-06,1.2255433894448835e-11
2009,60,0.063,70551211.211,8.929683689140882e-10,7.973925078810871e-19
2009,61,178.373,70551211.211,2.528276934417661e-06,6.392184257108365e-12
2010, T,19783043.493,91055763.063,0.21726294775337215,0.04720318846648452
2010,01,901926.148,91055763.063,0.009905206630095144,9.81131183848808e-05
2010,02,133.638,91055763.063,1.4676501025809653e-06,2.153996823605918e-12
2010,03,2676528.5749999997,91055763.063,0.029394389602206215,0.0008640301400862888
2010,05,8160.477000000001,91055763.063,8.962065360271485e-05,8.031861552177806e-09
2010,06,7147.4259999999995,91055763.063,7.849504259334812e-05,6.161471711731536e-09
2010,07,3270.5640000000003,91055763.063,3.591825371599105e-05,1.290120950006305e-09
2010,08,12045.006,91055763.063,0.00013228164363046695,1.7498433241577858e-08
2010,10,177.555,91055763.063,1.949958948530832e-06,3.802339900955467e-12
2010,11,659.784,91055763.063,7.245933456661126e-06,5.250355165836105e-11
2010,12,729.588,91055763.063,8.012540617502815e-06,6.420080714713239e-11
2010,14,1354.299,91055763.063,1.4873292523648203e-05,2.2121483049400952e-10
2010,15,51.581999999999994,91055763.063,5.664880317823623e-07,3.209086901526547e-13
2010,16,46935.395000000004,91055763.063,0.0005154577087836404,2.656966495444802e-07
2010,17,7.2749999999999995,91055763.063,7.989609614238855e-08,6.383386178793794e-15
2010,18,177.56799999999998,91055763.063,1.9501017181871683e-06,3.802896711276546e-12
2010,19,27.612000000000002,91055763.063,3.032427500596059e-07,9.195616546371262e-14
2010,20,272.499,91055763.063,2.9926606601656e-06,8.956017826902806e-12
2010,21,115.395,91055763.063,1.2673003456152477e-06,1.6060501659965263e-12
2010,22,5229.008,91055763.063,5.742643654945964e-05,3.2977956147691144e-09
2010,23,134496.351,91055763.063,0.0014770767546799226,2.1817557392157724e-06
2010,25,1220675.609,91055763.063,0.013405802861214115,0.00017971555035373657
2010,26,2903594.292,91055763.063,0.03188808917005122,0.0010168502309171378
2010,27,41085941.043,91055763.063,0.4512173602298331,0.20359710617277899
2010,28,2681080.931,91055763.063,0.029444384856178778,0.0008669717995587701
2010,29,2375860.79,91055763.063,0.026092371422511508,0.0006808118464502952
2010,30,847.197,91055763.063,9.304155733820365e-06,8.656731391918238e-11
2010,31,2388569.89,91055763.063,0.026231946333230855,0.0006881150084295037
2010,32,24999.495000000003,91055763.063,0.0002745514853651082,7.53785181161872e-08
2010,34,117439.572,91055763.063,0.001289754410368792,1.6634664390657505e-06
2010,35,4.431,91055763.063,4.866248824837439e-08,2.3680377625231757e-15
2010,36,542.988,91055763.063,5.963246935005262e-06,3.556031400784965e-11
2010,37,14.484,91055763.063,1.5906736172183586e-07,2.5302425565145373e-14
2010,38,10081.431999999999,91055763.063,0.00011071712169415153,1.225828103623756e-08
2010,39,2007836.492,91055763.063,0.022050625072581192,0.0004862300660915463
2010,40,986230.4519999999,91055763.063,0.010831060207772277,0.00011731186522438804
2010,41,9580.752,91055763.063,0.00010521851311455415,1.1070935502037604e-08
2010,42,207.84,91055763.063,2.2825573363895583e-06,5.210067993905795e-12
2010,43,15204.127,91055763.063,0.00016697599897636916,2.7880984234156436e-08
2010,44,9405213.985,91055763.063,0.10329070526258383,0.010668969793641962
2010,47,1832299.319,91055763.063,0.020122826467691694,0.0004049281450488334
2010,48,250842.611,91055763.063,0.0027548241051634052,7.589055850389356e-06
2010,49,92586.484,91055763.063,0.0010168108078556315,1.033904218972022e-06
2010,50,16212.153,91055763.063,0.00017804642402242103,3.170052910717174e-08
2010,51,17327.895,91055763.063,0.00019029981647631806,3.6214020150920336e-08
2010,52,0.10200000000000001,91055763.063,1.1201926881819427e-09,1.254831658656287e-18
2010,53,316.80899999999997,91055763.063,3.4792855426493432e-06,1.2105427887288735e-11
2010,54,28402.983,91055763.063,0.00031192954783486294,9.730004281246205e-08
2010,55,382.35699999999997,91055763.063,4.199152114462578e-06,1.7632878480395544e-11
2010,56,752.205,91055763.063,8.260926872685276e-06,6.824291279585373e-11
2010,57,23.955000000000002,91055763.063,2.630805475039063e-07,6.921137447495508e-14
2010,58,1.542,91055763.063,1.6934677697809368e-08,2.86783308728682e-16
2010,59,90.867,91055763.063,9.979269509512607e-07,9.958581994348799e-13
2010,61,108.741,91055763.063,1.194224246133261e-06,1.4261715500525555e-12
2011, T,34692361.997,167015462.698,0.20771946163889793,0.04314737474355359
2011,01,957081.5340000001,167015462.698,0.005730496557259552,3.2838590792763574e-05
2011,02,787.5179999999999,167015462.698,4.715240057886152e-06,2.22334888034942e-11
2011,03,2822145.926,167015462.698,0.01689751284348473,0.00028552594029573143
2011,04,56.928,167015462.698,3.408546674683535e-07,1.1618190433496185e-13
2011,05,16329.033000000001,167015462.698,9.77695881340425e-05,9.558892363900305e-09
2011,06,7876.917,167015462.698,4.716280081349812e-05,2.224329780573699e-09
2011,07,4625.6630000000005,167015462.698,2.7696016436299655e-05,7.670693264397807e-10
2011,08,8000.146000000001,167015462.698,4.790063070067944e-05,2.2944704215228735e-09
2011,09,1.014,167015462.698,6.07129414019306e-09,3.6860612536742587e-17
2011,10,44.849999999999994,167015462.698,2.6853801004700067e-07,7.211266284000303e-14
2011,11,1409.176,167015462.698,8.437398413511533e-06,7.118969198832694e-11
2011,12,5261.949,167015462.698,3.1505759496740365e-05,9.926128814664456e-10
2011,15,1278.399,167015462.698,7.65437510604405e-06,5.858945826402686e-11
2011,16,12568.481,167015462.698,7.525339748168422e-05,5.663073832536357e-09
2011,17,23.562,167015462.698,1.4107675792034405e-07,1.990265162531536e-14
2011,18,323.469,167015462.698,1.936760793130285e-06,3.75104236980665e-12
2011,19,19.013,167015462.698,1.1383975886340301e-07,1.2959490698077744e-14
2011,20,2755.4880000000003,167015462.698,1.6498400540209365e-05,2.7219722038518066e-10
2011,21,553.6320000000001,167015462.698,3.3148547509106157e-06,1.098826201963468e-11
2011,22,6066.0830000000005,167015462.698,3.632048734893958e-05,1.3191778012644803e-09
2011,23,26500.676,167015462.698,0.00015867199103545844,2.51768007391566e-08
2011,25,3098132.7490000003,167015462.698,0.018549975546887493,0.000344101592790124
2011,26,8025727.542,167015462.698,0.048053799404862575,0.0023091676372427707
2011,27,90947761.904,167015462.698,0.5445469565201467,0.2965313878553546
2011,28,3386199.959,167015462.698,0.020274769199801458,0.00041106626610521786
2011,29,3263052.144,167015462.698,0.019537425405336883,0.00038171099146910306
2011,30,464.205,167015462.698,2.779413310008204e-06,7.725138347850762e-12
2011,31,3187748.115,167015462.698,0.01908654482348222,0.0003642961932987959
2011,32,28217.725,167015462.698,0.00016895276966674477,2.854503837806411e-08
2011,33,726.006,167015462.698,4.346938829926037e-06,1.8895877191118748e-11
2011,34,128982.98899999999,167015462.698,0.0007722817212034377,5.964190569049443e-07
2011,35,85.021,167015462.698,5.090606499934459e-07,2.591427453717496e-13
2011,37,26.781,167015462.698,1.603504224541522e-07,2.5712257981225078e-14
2011,38,24358.161,167015462.698,0.00014584374767769143,2.1270398736674122e-08
2011,39,1828495.1679999998,167015462.698,0.010948059170463237,0.00011985999959996418
2011,40,1012207.502,167015462.698,0.006060561612970468,3.6730407064611195e-05
2011,41,7063.506,167015462.698,4.229252720613266e-05,1.7886578574814713e-09
2011,42,56.31,167015462.698,3.3715441127640155e-07,1.1367309704313692e-13
2011,43,18341.772,167015462.698,0.00010982080164137785,1.206060847315486e-08
2011,44,10627705.457,167015462.698,0.06363306298301963,0.004049166704600943
2011,47,2393830.2830000003,167015462.698,0.01433298596626686,0.00020543448670920272
2011,48,354140.392,167015462.698,0.002120404819285279,4.496116597648238e-06
2011,49,75184.462,167015462.698,0.0004501646780810333,2.0264823739180035e-07
2011,50,10351.931,167015462.698,6.198187181457878e-05,3.841752433638876e-09
2011,51,5967.393,167015462.698,3.5729583977444855e-05,1.2766031712012842e-09
2011,52,0.879,167015462.698,5.262985748747238e-09,2.769901899151653e-17
2011,53,3062.304,167015462.698,1.8335452002652632e-05,3.361888001415784e-10
2011,54,21004.404,167015462.698,0.00012576322970754206,1.581638994647199e-08
2011,55,8.600999999999999,167015462.698,5.1498225739448227e-08,2.6520672543111677e-15
2011,56,213.383,167015462.698,1.2776242184583982e-06,1.6323236435914327e-12
2011,58,0.003,167015462.698,1.7962408698796035e-11,3.2264812626258348e-22
2011,59,273.927,167015462.698,1.6401295758783672e-06,2.690025025670953e-12
2011,61,0.266,167015462.698,1.5926669046265817e-09,2.5365878690928173e-18
2012, T,35766829.504,171638989.618,0.20838405995981862,0.04342391644533728
2012,01,942302.128,171638989.618,0.005490023741675415,3.014036068415972e-05
2012,03,2795255.7539999997,171638989.618,0.016285668892721435,0.0002652230112833546
2012,04,15.015,171638989.618,8.748012344641161e-08,7.652771998199414e-15
2012,05,15939.704,171638989.618,9.286761729066007e-05,8.624394341244504e-09
2012,06,59805.922,171638989.618,0.00034844018910332755,1.2141056538236267e-07
2012,07,4242.723,171638989.618,2.47188765760193e-05,6.110228591804756e-10
2012,08,87807.206,171638989.618,0.0005115807672570426,2.617148814273044e-07
2012,09,30.989,171638989.618,1.8054755547658003e-07,3.259741978856874e-14
2012,10,2383.181,171638989.618,1.388484635865086e-05,1.9278895840334006e-10
2012,11,4987.3,171638989.618,2.905691772655935e-05,8.44304467768039e-10
2012,12,67674.462,171638989.618,0.0003942837355930397,1.5545966415320204e-07
2012,14,2.337,171638989.618,1.3615787445505423e-08,1.853896677611831e-16
2012,15,7635.753,171638989.618,4.4487287049371146e-05,1.9791187090131457e-09
2012,16,28809.767999999996,171638989.618,0.00016785095312037818,2.8173942463419394e-08
2012,17,11.856,171638989.618,6.907521435768605e-08,4.771385238560277e-15
2012,18,104.93299999999999,171638989.618,6.113587608126745e-07,3.73759534422409e-13
2012,19,147.83100000000002,171638989.618,8.612903182954696e-07,7.418210123895114e-13
2012,20,641.655,171638989.618,3.738398841825324e-06,1.3975625900560924e-11
2012,21,1430.1209999999999,171638989.618,8.33214529625745e-06,6.942464523794515e-11
2012,22,8048.803,171638989.618,4.6893791544179024e-05,2.1990276853889163e-09
2012,23,72640.857,171638989.618,0.0004232188569838916,1.7911420090675172e-07
2012,25,2624160.144,171638989.618,0.01528883472129692,0.00023374846713513424
2012,26,6108198.865,171638989.618,0.03558747857112429,0.0012664686310502307
2012,27,99586466.703,171638989.618,0.580208884500193,0.33664234965295836
2012,28,2608156.4669999997,171638989.618,0.01519559438566212,0.00023090608873356614
2012,29,2372557.8910000003,171638989.618,0.013822954191704163,0.0001910740625859517
2012,30,614.61,171638989.618,3.580829748344924e-06,1.2822341686631973e-11
2012,31,4794929.664,171638989.618,0.02793613312844362,0.000780427534170125
2012,32,9994.054,171638989.618,5.8227177998674905e-05,3.3904042576893708e-09
2012,33,243.78000000000003,171638989.618,1.4203066595914902e-06,2.017271007279937e-12
2012,34,77280.433,171638989.618,0.000450249871384092,2.027249466813914e-07
2012,35,10.377,171638989.618,6.045829110911843e-08,3.655204963834909e-15
2012,37,1.32,171638989.618,7.69056030298124e-09,5.914471777379089e-17
2012,38,13260.748,171638989.618,7.725953193684687e-05,5.969035275100661e-09
2012,39,1183201.073,171638989.618,0.006893544850347431,4.7520960603751585e-05
2012,40,848896.3849999999,171638989.618,0.004945824878655514,2.4461183730327832e-05
2012,41,20964.045,171638989.618,0.00012214034262644874,1.4918263296906293e-08
2012,42,67.267,171638989.618,3.9190978780351445e-07,1.5359328177619573e-13
2012,43,39209.564,171638989.618,0.0002284420578754563,5.2185773806373326e-08
2012,44,9128869.725,171638989.618,0.053186456907706264,0.0028287991983952953
2012,47,1995065.9409999999,171638989.618,0.011623617369457964,0.00013510848075156485
2012,48,292312.263,171638989.618,0.0017030644590169785,2.9004285515667935e-06
2012,49,56352.583999999995,171638989.618,0.0003283204132430422,1.07794293752082e-07
2012,50,2978.042,171638989.618,1.7350614837735498e-05,3.010438352474472e-10
2012,51,3537.942,171638989.618,2.061269416625004e-05,4.248831607913584e-10
2012,52,27.54,171638989.618,1.604530535940177e-07,2.5745182407644713e-14
2012,53,201.788,171638989.618,1.1756536230439231e-06,1.382161441376303e-12
2012,54,1476.0059999999999,171638989.618,8.599479659516763e-06,7.395105041444255e-11
2012,55,650.3009999999999,171638989.618,3.7887720118098506e-06,1.4354793357473663e-11
2012,56,1102.385,171638989.618,6.4226956966681624e-06,4.1251020011999735e-11
2012,57,18.674999999999997,171638989.618,1.0880394974104138e-07,1.183829947925106e-14
2012,58,0.66,171638989.618,3.84528015149062e-09,1.4786179443447723e-17
2012,59,1126.3690000000001,171638989.618,6.562430846900513e-06,4.306549862035139e-11
2012,60,279.258,171638989.618,1.6270079462802538e-06,2.6471548572590895e-12
2012,61,28.947000000000003,171638989.618,1.6865049173514998e-07,2.844298836250789e-14
2013, T,35625419.978,168969090.76000002,0.21083986318303366,0.04445344790704035
2013,01,1045815.733,168969090.76000002,0.0061893907832258725,3.830855826748138e-05
2013,03,3043573.759,168969090.76000002,0.018012606597516852,0.00032445399643690764
2013,04,1296.951,168969090.76000002,7.675670113193429e-06,5.891591168657083e-11
2013,05,42033.135,168969090.76000002,0.0002487622725016787,6.188266822019945e-08
2013,06,39848.115,168969090.76000002,0.00023583079497420853,5.561616385816718e-08
2013,07,4027.362,168969090.76000002,2.383490366128783e-05,5.68102632542872e-10
2013,08,26372.121,168969090.76000002,0.00015607659887013526,2.4359904714869106e-08
2013,09,12.993,168969090.76000002,7.689572064073525e-08,5.912951852857997e-15
2013,10,4000.734,168969090.76000002,2.3677312708526998e-05,5.60615137097374e-10
2013,11,10816.321,168969090.76000002,6.401360717128593e-05,4.097741903079709e-09
2013,12,50676.240000000005,168969090.76000002,0.0002999142610761836,8.994856399687322e-08
2013,13,50.478,168969090.76000002,2.9874102874648146e-07,8.924620225650606e-14
2013,15,21622.686,168969090.76000002,0.00012796829232343085,1.637588384017505e-08
2013,16,62197.948,168969090.76000002,0.0003681025193438757,1.354994647473084e-07
2013,17,279.628,168969090.76000002,1.6549062242228518e-06,2.738714610971536e-12
2013,18,696.492,168969090.76000002,4.122008332217884e-06,1.699095269087366e-11
2013,19,773.057,168969090.76000002,4.5751385447059855e-06,2.0931892703254403e-11
2013,20,758.105,168969090.76000002,4.4866489876352335e-06,2.0130019138248267e-11
2013,21,1522.674,168969090.76000002,9.011553492719995e-06,8.120809635215394e-11
2013,22,16336.739,168969090.76000002,9.668477782841563e-05,9.347946263730092e-09
2013,23,114884.922,168969090.76000002,0.0006799167911909997,4.6228684294346545e-07
2013,24,44809.551,168969090.76000002,0.0002651937747812498,7.032773818272823e-08
2013,25,2166027.224,168969090.76000002,0.012819073679437486,0.00016432864999884692
2013,26,5473766.025,168969090.76000002,0.03239507297091879,0.001049440752791153
2013,27,100711296.04,168969090.76000002,0.5960338401953533,0.35525633865802
2013,28,1723322.857,168969090.76000002,0.010199042021524338,0.00010402045815681926
2013,29,1638971.9330000002,168969090.76000002,0.009699832825211564,9.408675683705176e-05
2013,30,778.4879999999999,168969090.76000002,4.607280517983891e-06,2.122703377139391e-11
2013,31,2891284.892,168969090.76000002,0.01711132420133998,0.0002927974159233633
2013,32,7450.256,168969090.76000002,4.409241930870173e-05,1.9441414404943733e-09
2013,33,134.976,168969090.76000002,7.988206564460771e-07,6.381144411649416e-13
2013,34,82476.578,168969090.76000002,0.0004881163627562387,2.3825758359038002e-07
2013,35,0.645,168969090.76000002,3.817266205901196e-09,1.457152128671531e-17
2013,36,83.647,168969090.76000002,4.95043203604678e-07,2.450677734351827e-13
2013,37,15.347999999999999,168969090.76000002,9.083318097390937e-08,8.250666765838971e-15
2013,38,27087.988,168969090.76000002,0.00016031327314458468,2.5700345546330215e-08
2013,39,1431135.707,168969090.76000002,0.00846980770603041,7.173764257713212e-05
2013,40,614188.729,168969090.76000002,0.0036349176422590815,1.321262626600632e-05
2013,41,36513.608,168969090.76000002,0.00021609637499833107,4.6697643287419323e-08
2013,42,1925.191,168969090.76000002,1.139374658016299e-05,1.2981746113297582e-10
2013,43,82242.343,168969090.76000002,0.00048673010329927863,2.3690619345772644e-07
2013,44,9669647.864,168969090.76000002,0.05722731785149129,0.0032749659084756132
2013,46,1.17,168969090.76000002,6.924343350239377e-09,4.794653083200428e-17
2013,47,1806177.5990000002,168969090.76000002,0.010689396450416219,0.00011426319647417085
2013,48,335965.93799999997,168969090.76000002,0.0019883277852113116,3.953447381443319e-06
2013,49,95955.964,168969090.76000002,0.0005678906335377856,3.2249977165994756e-07
2013,50,4115.85,168969090.76000002,2.4358597075284396e-05,5.933412514760536e-10
2013,51,5980.764,168969090.76000002,3.539560977158211e-05,1.2528491911021187e-09
2013,52,0.484,168969090.76000002,2.8644292149708193e-09,8.204954727578344e-18
2013,53,1708.634,168969090.76000002,1.0112109808455478e-05,1.0225476477826148e-10
2013,54,921.603,168969090.76000002,5.454269747530479e-06,2.9749058478826196e-11
2013,55,75.15,168969090.76000002,4.44755899803837e-07,1.9780781041032068e-13
2013,56,1203.909,168969090.76000002,7.1250250243105465e-06,5.0765981597051505e-11
2013,57,140.043,168969090.76000002,8.288083895705754e-07,6.869233466225707e-13
2013,59,414.579,168969090.76000002,2.4535789246144367e-06,6.020049539312136e-12
2013,60,40.293,168969090.76000002,2.384637321463207e-07,5.68649515491522e-14
2013,61,212.719,168969090.76000002,1.2589225582218549e-06,1.5848860075998596e-12
2014, T,37414604.118,178182777.159,0.20997879096144836,0.044091092653631626
2014,01,958230.317,178182777.159,0.005377794264284762,2.892067114897408e-05
2014,02,2.679,178182777.159,1.5035123162377332e-08,2.2605492850785534e-16
2014,03,2744203.1319999998,178182777.159,0.015401057137813222,0.0002371925609621876
2014,04,4671.8099999999995,178182777.159,2.621920072460845e-05,6.874464866373083e-10
2014,05,35982.399000000005,178182777.159,0.0002019409483549097,4.07801466224803e-08
2014,06,71794.78,178182777.159,0.0004029277191921556,1.6235074689339262e-07
2014,07,1217.8690000000001,178182777.159,6.8349422958720875e-06,4.67164361879012e-11
2014,08,44916.762,178182777.159,0.00025208251165553943,6.354559268256518e-08
2014,09,92.46600000000001,178182777.159,5.18939043797082e-07,2.692977311770298e-13
2014,10,18580.932,178182777.159,0.00010428017957885711,1.0874355852998687e-08
2014,11,12395.538,178182777.159,6.95664204904548e-05,4.839486859854769e-09
2014,12,90254.41399999999,178182777.159,0.0005065271483531889,2.565697520188134e-07
2014,15,47926.358,178182777.159,0.00026897301054654285,7.234648040247066e-08
2014,16,88778.986,178182777.159,0.0004982467296532187,2.4824980361012767e-07
2014,17,1436.472,178182777.159,8.061789264392122e-06,6.499244614346807e-11
2014,18,12323.028000000002,178182777.159,6.915947880306998e-05,4.7830335083122855e-09
2014,19,2202.654,178182777.159,1.2361767142255723e-05,1.5281328687935323e-10
2014,20,1007.0279999999999,178182777.159,5.651657337798627e-06,3.194123066389306e-11
2014,21,5254.022999999999,178182777.159,2.948670507762719e-05,8.694657763349651e-10
2014,22,22556.253,178182777.159,0.0001265905345041968,1.6025163426058243e-08
2014,23,159485.568,178182777.159,0.0008950672480409501,8.011453785155998e-07
2014,24,56740.151999999995,178182777.159,0.00031843791473385987,1.01402705540049e-07
2014,25,1392919.882,178182777.159,0.00781736542784401,6.111120223245076e-05
2014,26,3104225.66,178182777.159,0.017421580859243026,0.000303511479635143
2014,27,111016847.206,178182777.159,0.6230503810530182,0.38819177733031124
2014,28,1794596.7,178182777.159,0.010071661967635658,0.00010143837479031857
2014,29,1129134.537,178182777.159,0.006336945438853642,4.015687749500798e-05
2014,30,1181.632,178182777.159,6.631572472044142e-06,4.3977753451973647e-11
2014,31,2879275.659,178182777.159,0.016159113158454707,0.0002611169380677441
2014,32,6673.097,178182777.159,3.74508530307916e-05,1.4025663927339526e-09
2014,33,1078.603,178182777.159,6.0533516044455695e-06,3.664306564704375e-11
2014,34,8824.396,178182777.159,4.9524404887491565e-05,2.4526666794601985e-09
2014,35,391.263,178182777.159,2.1958519574024793e-06,4.8217658188283e-12
2014,36,253.31099999999998,178182777.159,1.4216357160824803e-06,2.0210481092413465e-12
2014,37,3.594,178182777.159,2.0170299606414383e-08,4.068409862125202e-16
2014,38,52802.351,178182777.159,0.0002963381301037992,8.781628735341622e-08
2014,39,1321786.979,178182777.159,0.007418152304476172,5.502898361240514e-05
2014,40,336897.641,178182777.159,0.001890741890835903,3.5749048977617254e-06
2014,41,23615.29,178182777.159,0.00013253407751596038,1.7565281703006594e-08
2014,42,3039.6009999999997,178182777.159,1.705889339286499e-05,2.9100584378913276e-10
2014,43,19311.159,178182777.159,0.00010837837027743618,1.1745871143993062e-08
2014,44,10849923.057,178182777.159,0.06089209759772773,0.003707847549851199
2014,46,0.6930000000000001,178182777.159,3.889264782205111e-09,1.512638054610097e-17
2014,47,2088265.586,178182777.159,0.0117197948045032,0.0001373535902596602
2014,48,252262.59999999998,178182777.159,0.0014157518701984053,2.0043533579702825e-06
2014,49,84212.397,178182777.159,0.0004726180517708158,2.233678228596415e-07
2014,50,6649.762,178182777.159,3.7319892000931926e-05,1.3927743389612227e-09
2014,51,8850.301,178182777.159,4.9669789309112084e-05,2.467087970011585e-09
2014,52,7.507000000000001,178182777.159,4.213089569987557e-08,1.7750123724737936e-15
2014,53,2343.132,178182777.159,1.3150159837890081e-05,1.7292670376205728e-10
2014,54,666.418,178182777.159,3.7400808912374685e-06,1.3988205072999656e-11
2014,55,311.384,178182777.159,1.7475538599453915e-06,3.053944493410037e-12
2014,56,143.452,178182777.159,8.050834221311509e-07,6.481593165904049e-13
2014,57,513.6510000000001,178182777.159,2.882719689241613e-06,8.310072806741262e-12
2014,58,796.8670000000001,178182777.159,4.472188685716364e-06,2.000047164064946e-11
2014,59,45.321,178182777.159,2.543511820985827e-07,6.469452383494639e-14
2014,60,3.453,178182777.159,1.9378977334710314e-08,3.7554476253921607e-16
2014,61,265.279,178182777.159,1.4888027015275463e-06,2.2165334840757203e-12
2015, T,28334954.57,131877885.882,0.2148575129218646,0.04616375085896922
2015,01,1004782.765,131877885.882,0.007619039069969977,5.8049756349728975e-05
2015,02,85.67699999999999,131877885.882,6.496691953089159e-07,4.2207006333333436e-13
2015,03,2925406.02,131877885.882,0.022182688177285137,0.0004920716547706658
2015,04,18399.837,131877885.882,0.00013952177711177118,1.9466326288426757e-08
2015,05,30441.921000000002,131877885.882,0.00023083415992305512,5.328440938738259e-08
2015,06,253980.77099999998,131877885.882,0.0019258783934954313,3.7090075865325433e-06
2015,07,2153.145,131877885.882,1.6326808589626343e-05,2.665646787222965e-10
2015,08,37038.225,131877885.882,0.00028085243217456935,7.887808865837108e-08
2015,09,823.4639999999999,131877885.882,6.244140133826596e-06,3.8989286010864016e-11
2015,10,44099.873999999996,131877885.882,0.00033439930967242766,1.1182289830939617e-07
2015,11,27563.295,131877885.882,0.0002090061939926966,4.3683589127312725e-08
2015,12,374907.642,131877885.882,0.0028428393395345678,8.081735510405337e-06
2015,14,2009.8110000000001,131877885.882,1.5239939483093572e-05,2.3225575544835437e-10
2015,15,273335.283,131877885.882,0.002072639253897135,4.295833476795272e-06
2015,16,134897.027,131877885.882,0.0010228934600961183,1.0463110307074091e-06
2015,17,7223.147999999999,131877885.882,5.4771487665968765e-05,2.9999158611433686e-09
2015,18,72418.104,131877885.882,0.0005491300039856367,3.0154376127726535e-07
2015,19,28850.817,131877885.882,0.00021876918034472256,4.7859954268701746e-08
2015,20,4715.124,131877885.882,3.575371237160215e-05,1.2783279483512568e-09
2015,21,6928.215,131877885.882,5.253507783859334e-05,2.7599344035070615e-09
2015,22,43855.629,131877885.882,0.0003325472554150631,1.1058767708409122e-07
2015,23,193563.054,131877885.882,0.0014677445934581773,2.1542741916257104e-06
2015,24,38081.811,131877885.882,0.00028876570734591813,8.338563373898844e-08
2015,25,1008777.5769999999,131877885.882,0.007649330820351647,5.85122619991816e-05
2015,26,2265404.451,131877885.882,0.017178046462065742,0.00029508528025288936
2015,27,75609640.09,131877885.882,0.5733306959261769,0.32870808689119435
2015,28,1843057.163,131877885.882,0.013975483081743569,0.00019531412736810072
2015,29,906624.5759999999,131877885.882,0.0068747278585525535,4.7261883129158575e-05
2015,30,1328.3790000000001,131877885.882,1.007279568606817e-05,1.0146121293327354e-10
2015,31,2476572.699,131877885.882,0.018779287235586684,0.00035266162907666895
2015,32,4258.29,131877885.882,3.2289644101590906e-05,1.0426211162074045e-09
2015,33,2868.54,131877885.882,2.17514860874148e-05,4.731271470109996e-10
2015,34,2832.996,131877885.882,2.1481964023406258e-05,4.614747783029208e-10
2015,37,5.901,131877885.882,4.4745940235044565e-08,2.00219916751818e-15
2015,38,52499.28,131877885.882,0.0003980900940964024,1.5847572301768252e-07
2015,39,1122644.587,131877885.882,0.008512758446890069,7.246705637509822e-05
2015,40,407312.352,131877885.882,0.003088556881814512,9.539183612203783e-06
2015,41,49626.176,131877885.882,0.00037630400023551993,1.4160470059325417e-07
2015,42,63.602999999999994,131877885.882,4.822870762192069e-07,2.3260082388807105e-13
2015,43,22325.757,131877885.882,0.00016929113513372785,2.8659488434866102e-08
2015,44,9698455.508,131877885.882,0.07354118124609503,0.005408305339070999
2015,47,2120992.3260000004,131877885.882,0.01608300217898393,0.0002586629590892019
2015,48,226358.49000000002,131877885.882,0.0017164249220869233,2.9461145131611007e-06
2015,49,136766.72400000002,131877885.882,0.0010370709469999723,1.0755161491114195e-06
2015,50,15692.869,131877885.882,0.00011899545473485574,1.4159918247555101e-08
2015,51,36264.141,131877885.882,0.0002749827293443873,7.561550143768856e-08
2015,52,195.618,131877885.882,1.4833267813758598e-06,2.2002583403468677e-12
2015,53,3133.917,131877885.882,2.376377949221999e-05,5.647172157548553e-10
2015,54,2136.321,131877885.882,1.6199236025905887e-05,2.6241524782300714e-10
2015,55,709.74,131877885.882,5.381796919576433e-06,2.8963738083562385e-11
2015,56,11.985000000000001,131877885.882,9.087952782867467e-08,8.259088578362854e-15
2015,57,262.017,131877885.882,1.986815289368865e-06,3.947434994069887e-12
2015,58,1.23,131877885.882,9.326810115083007e-09,8.698938692281469e-17
2015,59,41.147999999999996,131877885.882,3.120159208255573e-07,9.735393484862045e-14
2015,61,506.202,131877885.882,3.83841458038638e-06,1.4733426490922754e-11
2016, T,29953376.571,137039752.553,0.2185743626428073,0.04777475200470944
2016,01,1078685.0469999998,137039752.553,0.007871329500414992,6.195782810410333e-05
2016,02,193.125,137039752.553,1.409262614695025e-06,1.9860211171770584e-12
2016,03,3098757.352,137039752.553,0.022612105569889716,0.0005113073183038375
2016,04,13093.151,137039752.553,9.554272213776974e-05,9.128411753495075e-09
2016,05,36646.104,137039752.553,0.000267412216654632,7.150929361614386e-08
2016,06,358544.488,137039752.553,0.0026163538777650174,6.845307613696044e-06
2016,07,6330.138,137039752.553,4.619198358193054e-05,2.1336993472333406e-09
2016,08,25835.328999999998,137039752.553,0.00018852434070185735,3.554142703706999e-08
2016,09,1371.999,137039752.553,1.0011686203748657e-05,1.002338606423312e-10
2016,10,33767.223,137039752.553,0.0002464045823998446,6.071521822764181e-08
2016,11,54007.164000000004,137039752.553,0.00039409852246422277,1.553136454084835e-07
2016,12,434087.935,137039752.553,0.003167605945815736,1.0033727427967204e-05
2016,13,35.454,137039752.553,2.5871325173539115e-07,6.693254662349988e-14
2016,14,2608.0589999999997,137039752.553,1.9031404766958664e-05,3.621943674038169e-10
2016,15,517590.155,137039752.553,0.0037769343957317967,1.4265233429661913e-05
2016,16,210305.13999999998,137039752.553,0.001534628719638593,2.355085307139587e-06
2016,17,19723.571,137039752.553,0.00014392590932599595,2.0714667375314807e-08
2016,18,198609.32,137039752.553,0.0014492825351767038,2.1004198667682137e-06
2016,19,123874.544,137039752.553,0.0009039314628949846,8.170920896114668e-07
2016,20,9513.202,137039752.553,6.941928763568642e-05,4.819037495846166e-09
2016,21,29457.374,137039752.553,0.00021495495614389252,4.620563317082276e-08
2016,22,63027.204,137039752.553,0.00045991913168132935,2.1152560768650796e-07
2016,23,128104.079,137039752.553,0.0009347950256291936,8.738417399410847e-07
2016,24,45763.923,137039752.553,0.0003339463341653426,1.1152015410247066e-07
2016,25,1029253.38,137039752.553,0.007510619078226496,5.640939893821982e-05
2016,26,2301109.739,137039752.553,0.01679154913907224,0.00028195612248987765
2016,27,75846567.442,137039752.553,0.5534639842017112,0.30632238180843196
2016,28,1673548.5369999998,137039752.553,0.012212139221082994,0.00014913634435511356
2016,29,584906.251,137039752.553,0.004268150227239998,1.8217106362288845e-05
2016,30,11122.497,137039752.553,8.116255898592917e-05,6.587360981144431e-09
2016,31,3779969.237,137039752.553,0.027583012714052446,0.0007608225903835789
2016,32,2330.298,137039752.553,1.7004540336562262e-05,2.89154392057773e-10
2016,33,6338.213,137039752.553,4.6250908089962444e-05,2.1391464991461533e-09
2016,34,8117.056,137039752.553,5.923139708575244e-05,3.5083584007300824e-09
2016,35,111.18299999999999,137039752.553,8.113193283605797e-07,6.582390525714622e-13
2016,36,5868.72,137039752.553,4.2824945978578574e-05,1.8339759980681731e-09
2016,37,4859.484,137039752.553,3.546039677881496e-05,1.2574397397109904e-09
2016,38,63981.378000000004,137039752.553,0.000466881885059266,2.1797869459649365e-07
2016,39,878967.995,137039752.553,0.006413963675686439,4.11389300330251e-05
2016,40,501628.419,137039752.553,0.0036604591708234123,1.3398961341265222e-05
2016,41,32631.712,137039752.553,0.00023811858524321045,5.670046063822808e-08
2016,42,62.273,137039752.553,4.5441558992830184e-07,2.0649352836988659e-13
2016,43,4204.579,137039752.553,3.0681454991491484e-05,9.413516803949176e-10
2016,44,11386266.54,137039752.553,0.08308732559624529,0.0069035036747364786
2016,47,2115340.626,137039752.553,0.015435963555041404,0.00023826897087256645
2016,48,242257.26299999998,137039752.553,0.001767788240177296,3.1250752621091412e-06
2016,49,71749.117,137039752.553,0.0005235642626562033,2.7411953713073385e-07
2016,50,14290.663999999999,137039752.553,0.00010428115735595113,1.0874559779496641e-08
2016,51,12182.136,137039752.553,8.889490657310236e-05,7.902304414640597e-09
2016,52,1.857,137039752.553,1.355081255916459e-08,1.8362452101361276e-16
2016,53,3161.219,137039752.553,2.3067897753080088e-05,5.321279067465574e-10
2016,54,883.774,137039752.553,6.449033828036147e-06,4.1590037315154564e-11
2016,55,569.406,137039752.553,4.1550425288441955e-06,1.7264378416503967e-11
2016,56,273.588,137039752.553,1.9964134121899416e-06,3.985666512371886e-12
2016,57,99.667,137039752.553,7.272853178967458e-07,5.289439336281706e-13
2016,58,2.0340000000000003,137039752.553,1.4842408586613236e-08,2.2029709265197031e-16
2016,59,13666.967999999999,137039752.553,9.972995240716238e-05,9.946063407134873e-09
2016,60,0.048,137039752.553,3.502633294775984e-10,1.2268439997673266e-19
2016,61,121.602,137039752.553,8.873483623153109e-07,7.873871161036643e-13
2017, T,41671349.423,187109268.635,0.22271130514806098,0.049600325440752734
2017,01,1015076.422,187109268.635,0.005425046174383493,2.9431125994192974e-05
2017,02,277.923,187109268.635,1.4853513245362166e-06,2.206268557301493e-12
2017,03,2965922.976,187109268.635,0.015851288381580498,0.0002512633433560289
2017,04,10042.935000000001,187109268.635,5.36741716391991e-05,2.8809167011542046e-09
2017,05,16668.986,187109268.635,8.90869069266511e-05,7.936476985757795e-09
2017,06,489125.426,187109268.635,0.0026141164976394224,6.8336050632306e-06
2017,07,3181.117,187109268.635,1.7001386533157297e-05,2.890471440498223e-10
2017,08,27370.243000000002,187109268.635,0.00014627946119222991,2.1397680766689098e-08
2017,09,2072.966,187109268.635,1.107890600568698e-05,1.2274215828284704e-10
2017,10,16888.908,187109268.635,9.026227360733118e-05,8.147278036764715e-09
2017,11,96746.153,187109268.635,0.0005170569780202915,2.673479185194762e-07
2017,12,583323.336,187109268.635,0.0031175544656630956,9.71914584637591e-06
2017,13,1.7159999999999997,187109268.635,9.171111685265873e-09,8.410928954362023e-17
2017,14,3562.0560000000005,187109268.635,1.9037303849167497e-05,3.624189378455276e-10
2017,15,734229.801,187109268.635,0.003924069643136094,1.5398322564182234e-05
2017,16,599958.253,187109268.635,0.003206459291818182,1.0281381190087157e-05
2017,17,21666.846,187109268.635,0.00011579782315469475,1.3409135847365958e-08
2017,18,201412.37399999998,187109268.635,0.0010764425272427392,1.1587285144567353e-06
2017,19,80266.94600000001,187109268.635,0.00042898433939464166,1.8402756344585711e-07
2017,20,4581.56,187109268.635,2.448601308435124e-05,5.995648367670201e-10
2017,21,35866.282,187109268.635,0.00019168629251587477,3.674363473848151e-08
2017,22,87694.923,187109268.635,0.00046868294467586894,2.1966370263004363e-07
2017,23,99494.496,187109268.635,0.0005317454165997895,2.8275318807488373e-07
2017,24,34777.757,187109268.635,0.00018586870256995166,3.454717459503715e-08
2017,25,1373435.314,187109268.635,0.007340284765257696,5.387978043507422e-05
2017,26,3127985.3850000002,187109268.635,0.01671742617465873,0.0002794723379051648
2017,27,108856543.494,187109268.635,0.5817806049274338,0.33846867226973076
2017,28,1754825.3310000002,187109268.635,0.00937861252840015,8.795837295786425e-05
2017,29,909427.952,187109268.635,0.00486041102418101,2.3623595323980292e-05
2017,30,4707.153,187109268.635,2.515724119034634e-05,6.328867843092586e-10
2017,31,3234951.9889999996,187109268.635,0.01728910605337528,0.0002989131881248577
2017,32,5656.334,187109268.635,3.0230111213966588e-05,9.138596240087884e-10
2017,33,11114.109,187109268.635,5.939902967436983e-05,3.5282447262566677e-09
2017,34,5073.396,187109268.635,2.7114616165257077e-05,7.352024097892204e-10
2017,35,51.620000000000005,187109268.635,2.758815764530446e-07,7.611064422621709e-14
2017,36,350.35200000000003,187109268.635,1.8724459913498076e-06,3.5060539905219637e-12
2017,38,139049.078,187109268.635,0.000743143720321239,5.522625890528919e-07
2017,39,1340520.325,187109268.635,0.007164371571645634,5.1328220016604125e-05
2017,40,632489.05,187109268.635,0.0033803191825511145,1.1426557775923034e-05
2017,41,15115.423,187109268.635,8.078393502507958e-05,6.526044158136279e-09
2017,42,1289.078,187109268.635,6.889439574020491e-06,4.7464377644079644e-11
2017,43,4461.034000000001,187109268.635,2.3841865411286928e-05,5.6843454628992e-10
2017,44,14156568.142,187109268.635,0.07565936335102495,0.005724339262682418
2017,46,0.46799999999999997,187109268.635,2.5012122777997836e-09,6.2560628586163824e-18
2017,47,2361877.7,187109268.635,0.012622986115174178,0.0001593397784638801
2017,48,301341.068,187109268.635,0.0016105085023224352,2.5937376360528536e-06
2017,49,35183.34,187109268.635,0.0001880363290213766,3.5357661031835395e-08
2017,50,9872.773,187109268.635,5.276474581950899e-05,2.784118401397391e-09
2017,51,23222.855,187109268.635,0.00012411386763154722,1.5404252138461224e-08
2017,52,12.532,187109268.635,6.697690654997199e-08,4.485906011003681e-15
2017,53,656.202,187109268.635,3.507052348540115e-06,1.2299416175400737e-11
2017,54,532.429,187109268.635,2.8455511791809e-06,8.09716151333781e-12
2017,55,413.217,187109268.635,2.2084261405888745e-06,4.8771460184362716e-12
2017,56,47.097,187109268.635,2.5170853557165904e-07,6.335718687962914e-14
2017,57,35.344,187109268.635,1.888949716806743e-07,3.5681310326242745e-14
2017,58,5.253,187109268.635,2.8074504477098857e-08,7.881778016346438e-16
2017,59,719.17,187109268.635,3.843582978259125e-06,1.4773130110763286e-11
2017,61,174.804,187109268.635,9.342348525822936e-07,8.727947597794599e-13
2018, T,56019903.784,262129292.261,0.21371096416123322,0.045672376202723915
2018,01,1301512.165,262129292.261,0.004965153469777406,2.4652748978442614e-05
2018,02,260.048,262129292.261,9.92060054627822e-07,9.841831519881572e-13
2018,03,3821749.096,262129292.261,0.014579633825107631,0.00021256572247422257
2018,04,8419.061,262129292.261,3.211797097295486e-05,1.031564059419571e-09
2018,05,47410.350999999995,262129292.261,0.000180866283928291,3.271261266202917e-08
2018,06,773482.808,262129292.261,0.002950768307228516,8.707033602944242e-06
2018,07,2062.386,262129292.261,7.867819663383897e-06,6.190258625553029e-11
2018,08,33809.356999999996,262129292.261,0.00012897969818014956,1.6635762542642474e-08
2018,09,1656.488,262129292.261,6.319354795154478e-06,3.99342450270419e-11
2018,10,74702.18699999999,262129292.261,0.0002849822175753621,8.121486433417103e-08
2018,11,86709.273,262129292.261,0.0003307881856777162,1.0942082378395524e-07
2018,12,1009958.504,262129292.261,0.003852902112879443,1.4844854691430876e-05
2018,13,897.114,262129292.261,3.4224103390427307e-06,1.1712892528786578e-11
2018,14,1017.492,262129292.261,3.881641731923998e-06,1.5067142535013933e-11
2018,15,1109635.566,262129292.261,0.004233161263393429,1.791965428189465e-05
2018,16,1118461.027,262129292.261,0.004266829614320087,1.82058349576389e-05
2018,17,25070.351,262129292.261,9.564116541022684e-05,9.147232521026372e-09
2018,18,278686.76,262129292.261,0.001063165270833272,1.1303203931059848e-06
2018,19,72446.30099999999,262129292.261,0.0002763762125747694,7.638381087717413e-08
2018,20,5280.263,262129292.261,2.0143735003650354e-05,4.057700598972885e-10
2018,21,27045.814000000002,262129292.261,0.0001031773815383849,1.064557206111745e-08
2018,22,98781.232,262129292.261,0.000376841638521056,1.4200962052323423e-07
2018,23,160574.253,262129292.261,0.0006125765328054886,3.752500085439939e-07
2018,24,26634.777,262129292.261,0.00010160931184096727,1.0324452252794932e-08
2018,25,1785429.659,262129292.261,0.00681125578755335,4.639320540347901e-05
2018,26,4183165.904,262129292.261,0.01595840689118733,0.00025467075050469526
2018,27,164905660.095,262129292.261,0.629100466691852,0.39576739719190607
2018,28,1224574.347,262129292.261,0.004671642518229902,2.1824243818133418e-05
2018,29,673673.65,262129292.261,0.0025700052221909967,6.604926842088994e-06
2018,30,3930.471,262129292.261,1.4994398245604927e-05,2.2483197874780013e-10
2018,31,1789396.727,262129292.261,0.006826389800107926,4.6599597703017524e-05
2018,32,4036.056,262129292.261,1.5397195655574928e-05,2.370736340560554e-10
2018,33,20285.588,262129292.261,7.738771895741359e-05,5.988859045431631e-09
2018,34,3901.309,262129292.261,1.4883147802175036e-05,2.2150808850138762e-10
2018,35,343.971,262129292.261,1.3122188559434666e-06,1.7219183258935803e-12
2018,36,837.6120000000001,262129292.261,3.195415486667536e-06,1.0210680132434727e-11
2018,37,1.1099999999999999,262129292.261,4.234551546779373e-09,1.793142680233158e-17
2018,38,301484.89300000004,262129292.261,0.001150138126111499,1.3228177091352706e-06
2018,39,1248192.851,262129292.261,0.004761745016109015,2.267421559843904e-05
2018,40,647242.742,262129292.261,0.002469173652502543,6.0968185262127496e-06
2018,41,20600.847,262129292.261,7.859040408001372e-05,6.176451613459837e-09
2018,42,129.416,262129292.261,4.937105612414408e-07,2.437501182813385e-13
2018,43,2904.118,262129292.261,1.107895258462146e-05,1.2274319037229052e-10
2018,44,15359186.157,262129292.261,0.05859393288143846,0.003433248970514515
2018,46,3.357,262129292.261,1.2806657245530051e-08,1.6401046980448735e-16
2018,47,3133721.2150000003,262129292.261,0.011954868484823052,0.00014291888048941542
2018,48,630552.275,262129292.261,0.002405501001285138,5.786435067183801e-06
2018,49,41760.023,262129292.261,0.00015931078377314615,2.5379925826414126e-08
2018,50,11581.481,262129292.261,4.41823227770684e-05,1.952077645977057e-09
2018,51,18364.069,262129292.261,7.005729440460643e-05,4.9080244992937e-09
2018,53,6444.041,262129292.261,2.4583444850504233e-05,6.043457607177831e-10
2018,54,637.459,262129292.261,2.4318495445571464e-06,5.9138922073628e-12
2018,55,1925.601,262129292.261,7.345997020747665e-06,5.396367222883357e-11
2018,56,1224.354,262129292.261,4.670801913968931e-06,2.181639051953583e-11
2018,57,120.199,262129292.261,4.5854852375795846e-07,2.10266748640603e-13
2018,58,102.158,262129292.261,3.8972370893323176e-07,1.5188456930467435e-13
2018,59,1224.4499999999998,262129292.261,4.6711681454540565e-06,2.181981184310469e-11
2018,61,487.598,262129292.261,1.8601431217175936e-06,3.460132433273274e-12
2019, T,57321295.776,262139105.239,0.21866747322471586,0.047815463846481825
2019,01,1595261.501,262139105.239,0.006085553315464141,3.70339591553566e-05
2019,02,432676.266,262139105.239,0.0016505597881152309,2.7243476141429957e-06
2019,03,4252497.069,262139105.239,0.01622229184433537,0.00026316275268278985
2019,04,12349.968,262139105.239,4.7112268841919516e-05,2.2195658754333003e-09
2019,05,74932.842,262139105.239,0.00028585144491006603,8.171104855717251e-08
2019,06,1054856.935,262139105.239,0.004024035002478,1.619285770116812e-05
2019,07,2901.533,262139105.239,1.106867667589918e-05,1.2251560335559454e-10
2019,08,19261.91,262139105.239,7.347972742349274e-05,5.3992703422307915e-09
2019,09,2746.173,262139105.239,1.0476014242500113e-05,1.0974687440906522e-10
2019,10,101824.825,262139105.239,0.0003884381344292882,1.5088418427890576e-07
2019,11,143634.573,262139105.239,0.0005479326438878477,3.002301822379269e-07
2019,12,1087440.949,262139105.239,0.004148335472529167,1.7208687192643788e-05
2019,13,902.457,262139105.239,3.4426645317843867e-06,1.185193907840621e-11
2019,14,4.8149999999999995,262139105.239,1.8368110303916776e-08,3.3738747613685364e-16
2019,15,1805853.37,262139105.239,0.006888912542650018,4.745711602028074e-05
2019,16,1360220.178,262139105.239,0.0051889250814366175,2.6924943500762007e-05
2019,17,18356.639,262139105.239,7.002632813316315e-05,4.9036866318134365e-09
2019,18,336098.566,262139105.239,0.0012821382208258053,1.6438784173023613e-06
2019,19,83710.379,262139105.239,0.0003193357165222593,1.0197529984678475e-07
2019,20,5453.495,262139105.239,2.0803820914197012e-05,4.32798964629981e-10
2019,21,25133.458,262139105.239,9.58783237513727e-05,9.192652965373037e-09
2019,22,108204.788,262139105.239,0.0004127762162816055,1.7038420472775874e-07
2019,23,201213.031,262139105.239,0.000767581131462809,5.891807933777261e-07
2019,24,23665.988,262139105.239,9.028026542786518e-05,8.150526325725788e-09
2019,25,2119582.784,262139105.239,0.008085717627164072,6.537882954623178e-05
2019,26,5563245.47,262139105.239,0.021222493549475665,0.0004503942324575362
2019,27,160264074.489,262139105.239,0.6113703422573389,0.3737736953918557
2019,28,1362987.2639999997,262139105.239,0.005199480873932655,2.7034601358391485e-05
2019,29,575413.338,262139105.239,0.0021950686734639557,4.81832648122281e-06
2019,30,1869.607,262139105.239,7.1321178818224155e-06,5.0867105480211055e-11
2019,31,2516714.616,262139105.239,0.009600683628279866,9.217312613032106e-05
2019,32,5805.408,262139105.239,2.2146287539613892e-05,4.904580517872575e-10
2019,33,30139.25,262139105.239,0.000114974261366007,1.321908077665889e-08
2019,34,19969.157,262139105.239,7.617771099734825e-05,5.803043652795512e-09
2019,35,187.509,262139105.239,7.153034257481061e-07,5.116589908869762e-13
2019,36,7.334999999999999,262139105.239,2.798132691157415e-08,7.829546557323838e-16
2019,38,326414.924,262139105.239,0.0012451973684063575,1.5505164862861179e-06
2019,39,1198420.926,262139105.239,0.004571698392375926,2.0900426190852625e-05
2019,40,639457.627,262139105.239,0.0024393828094323717,5.9505884909541705e-06
2019,41,30310.766,262139105.239,0.00011562855519921294,1.3369962777457434e-08
2019,42,182.888,262139105.239,6.976753805322391e-07,4.867509366008046e-13
2019,43,4311.549,262139105.239,1.6447561290289113e-05,2.7052227239781683e-10
2019,44,14532986.332,262139105.239,0.055439978399063526,0.0030735912048886305
2019,45,0.24,262139105.239,9.155444388245122e-10,8.38221619462491e-19
2019,47,2131727.879,262139105.239,0.008132048352940095,6.613021041455571e-05
2019,48,507761.757,262139105.239,0.0019369935536213056,3.7519440267704936e-06
2019,49,205810.08800000002,262139105.239,0.0007851178396765979,6.164100221784481e-07
2019,50,8572.37,262139105.239,3.270160700435869e-05,1.0693951006675212e-09
2019,51,6903.774,262139105.239,2.6336299552505244e-05,6.93600674119288e-10
2019,52,3.492,262139105.239,1.3321171584896652e-08,1.7745361239425797e-16
2019,53,12938.902,262139105.239,4.9358915710814e-05,2.436302560147241e-09
2019,54,57.806999999999995,262139105.239,2.2052032239636906e-07,4.862921258979855e-14
2019,55,652.6949999999999,262139105.239,2.489880322910687e-06,6.199504022417827e-12
2019,56,238.198,262139105.239,9.086702259963382e-07,8.256815796122364e-13
2019,57,1.452,262139105.239,5.539043854888299e-09,3.0681006826375825e-17
2019,58,8.553,262139105.239,3.262771493860856e-08,1.0645677821151e-15
2019,59,1407.212,262139105.239,5.3681880035296644e-06,2.8817442441239804e-11
2019,60,0.18,262139105.239,6.866583291183842e-10,4.714996609476512e-19
2019,61,441.91700000000003,262139105.239,1.6858110490500499e-06,2.8419588930992295e-12
2020, T,49146337.025,216079449.611,0.22744567849222297,0.05173153666478766
2020,01,1539927.4789999998,216079449.611,0.007126672535367317,5.0789461426358824e-05
2020,02,941864.233,216079449.611,0.0043588792673047065,1.8999828466938815e-05
2020,03,3644868.705,216079449.611,0.016868187657649653,0.0002845357548536841
2020,04,9188.380000000001,216079449.611,4.252315533264042e-05,1.8082187394438653e-09
2020,05,23565.159,216079449.611,0.00010905784442909079,1.1893613431519768e-08
2020,06,1744886.923,216079449.611,0.008075209956991545,6.520901584949539e-05
2020,07,1050.583,216079449.611,4.8620218252653204e-06,2.363925622935632e-11
2020,08,20162.876,216079449.611,9.331232579636099e-05,8.707190145526217e-09
2020,09,2973.0660000000003,216079449.611,1.375913352867338e-05,1.8931375545986397e-10
2020,10,151122.67,216079449.611,0.0006993847414553336,4.891390165805439e-07
2020,11,96189.17,216079449.611,0.0004451564930083165,1.9816430326746335e-07
2020,12,1710010.5839999998,216079449.611,0.007913804792998455,6.262830630168532e-05
2020,15,3253072.7810000004,216079449.611,0.01505498457561045,0.00022665256057186858
2020,16,1649564.7850000001,216079449.611,0.007634066025110911,5.82789640757527e-05
2020,17,36318.316,216079449.611,0.00016807852882531194,2.8250391852081214e-08
2020,18,367801.23199999996,216079449.611,0.0017021573900810058,2.8973397806073816e-06
2020,19,106200.967,216079449.611,0.0004914903624161842,2.415627763479921e-07
2020,20,6706.701,216079449.611,3.1038125152918665e-05,9.633652130082424e-10
2020,21,24422.525999999998,216079449.611,0.00011302567663869464,1.2774803579634764e-08
2020,22,77473.931,216079449.611,0.0003585437261131195,1.2855360353507965e-07
2020,23,298299.406,216079449.611,0.0013805079869326658,1.9058023019848814e-06
2020,24,6.036,216079449.611,2.7934169634670913e-08,7.803178331785705e-16
2020,25,2733512.812,216079449.611,0.012650498772192561,0.0001600351191852455
2020,26,7394891.353,216079449.611,0.03422302012668375,0.0011712151065914008
2020,27,116520934.539,216079449.611,0.5392504226976161,0.2907910183795577
2020,28,1111549.537,216079449.611,0.005144170530798196,2.6462490449932594e-05
2020,29,511184.082,216079449.611,0.00236572280668183,5.596644398054555e-06
2020,30,2835.6420000000003,216079449.611,1.3123145237110256e-05,1.722169409142896e-10
2020,31,1584792.643,216079449.611,0.00733430525602062,5.379203358849169e-05
2020,32,10558.637999999999,216079449.611,4.886460984146494e-05,2.3877500949585924e-09
2020,33,45743.792,216079449.611,0.00021169894722682277,4.4816444256945094e-08
2020,34,20442.125,216079449.611,9.4604669887864e-05,8.950043564591721e-09
2020,35,1833.358,216079449.611,8.484647676123425e-06,7.198924618794663e-11
2020,38,238662.93899999998,216079449.611,0.001104514748763273,1.219952830235596e-06
2020,39,3050132.75,216079449.611,0.014115792850690074,0.000199255607803593
2020,40,764092.346,216079449.611,0.0035361638849764183,1.2504455021411516e-05
2020,41,21210.998,216079449.611,9.816295829235678e-05,9.635966380706975e-09
2020,42,566.475,216079449.611,2.621605159675316e-06,6.872813613236238e-12
2020,43,3910.5750000000003,216079449.611,1.809785709395348e-05,3.275324313931623e-10
2020,44,13500487.151,216079449.611,0.06247927406009428,0.0039036596870763696
2020,47,2206372.546,216079449.611,0.010210931904778786,0.00010426313036402933
2020,48,1009215.314,216079449.611,0.004670575178791198,2.181427250074043e-05
2020,49,409748.054,216079449.611,0.0018962842359032965,3.595893903335349e-06
2020,50,36899.587,216079449.611,0.0001707686087984257,2.9161917750949755e-08
2020,51,3121.029,216079449.611,1.444389554684018e-05,2.0862611856802958e-10
2020,53,5608.395,216079449.611,2.5955244749542774e-05,6.736747300086677e-10
2020,54,87.168,216079449.611,4.034071734120269e-07,1.6273734756028115e-13
2020,55,702.009,216079449.611,3.2488466684999494e-06,1.055500467542322e-11
2020,56,36586.761,216079449.611,0.00016932087278945693,2.8669557962183456e-08
2020,57,5.727,216079449.611,2.650414007583836e-08,7.02469441159661e-16
2020,58,11.016,216079449.611,5.098124796148688e-08,2.5990876437106102e-15
2020,59,1222.827,216079449.611,5.659154548021161e-06,3.2026030198388595e-11
2020,60,62.899,216079449.611,2.910920039514854e-07,8.47345547644916e-14
2020,61,450.99,216079449.611,2.0871489667893033e-06,4.3561908095696564e-12
2021, T,68679248.077,308876612.297,0.2223517266854816,0.049440290360015106
2021,01,923178.6900000001,308876612.297,0.0029888267782227505,8.933085510221387e-06
2021,02,1195601.347,308876612.297,0.0038708056855090434,1.4983136654969135e-05
2021,03,1527983.9409999999,308876612.297,0.004946907212031866,2.4471890964452894e-05
2021,04,11069.512,308876612.297,3.5837973997707936e-05,1.2843603802603902e-09
2021,05,34600.161,308876612.297,0.0001120193618503244,1.2548337429353914e-08
2021,06,1594590.395,308876612.297,0.005162548187580882,2.6651903789094646e-05
2021,07,959.9929999999999,308876612.297,3.108014533249671e-06,9.659754338891169e-12
2021,08,16848.102,308876612.297,5.454638301911873e-05,2.975307900468404e-09
2021,09,6819.567,308876612.297,2.2078612392454798e-05,4.874651251762586e-10
2021,10,323205.333,308876612.297,0.0010463897884544985,1.09493158938185e-06
2021,11,17543.681,308876612.297,5.6798346982421874e-05,3.226052219935592e-09
2021,12,1593078.767,308876612.297,0.005157654233361562,2.6601397190912442e-05
2021,14,125.571,308876612.297,4.0654097785577023e-07,1.6527556667592587e-13
2021,15,2824752.113,308876612.297,0.009145244413273551,8.36354953785111e-05
2021,16,2511404.742,308876612.297,0.008130770158749221,6.610942337440684e-05
2021,17,20174.345,308876612.297,6.531522360974802e-05,4.266078435191385e-09
2021,18,324663.179,308876612.297,0.0010511096213649885,1.1048314361260494e-06
2021,19,109455.899,308876612.297,0.00035436771397490206,1.25576476707798e-07
2021,20,6345.434,308876612.297,2.0543588434266285e-05,4.220390257565195e-10
2021,21,24081.886,308876612.297,7.796603899826538e-05,6.078703237079038e-09
2021,22,103203.069,308876612.297,0.00033412393457865695,1.1163880365832263e-07
2021,23,221812.777,308876612.297,0.000718127459863216,5.157070486095949e-07
2021,24,24.939,308876612.297,8.074097878288023e-08,6.5191056548175155e-15
2021,25,3884721.633,308876612.297,0.01257693680369898,0.0001581793393642379
2021,26,10966358.12,308876612.297,0.035504009314422644,0.0012605346773986099
2021,27,182775236.016,308876612.297,0.5917419083846098,0.35015848613865996
2021,28,1404335.773,308876612.297,0.0045465914772778665,2.0671494061255733e-05
2021,29,577680.557,308876612.297,0.0018702631860146532,3.497884384961681e-06
2021,30,9298.708,308876612.297,3.0104927436392748e-05,9.063066559504728e-10
2021,31,2669967.382,308876612.297,0.008644122849394293,7.472085983542052e-05
2021,32,2563.337,308876612.297,8.298902856183964e-06,6.887178861637835e-11
2021,33,25694.862,308876612.297,8.318811129439977e-05,6.920261860729442e-09
2021,34,13933.709,308876612.297,4.511092276096986e-05,2.034995352346189e-09
2021,35,2769.5769999999998,308876612.297,8.966612847129117e-06,8.040014595030093e-11
2021,37,0.009000000000000001,308876612.297,2.9137848712695863e-11,8.49014227603952e-22
2021,38,186468.457,308876612.297,0.0006036988544173148,3.644523068247783e-07
2021,39,2973313.179,308876612.297,0.009626216620574089,9.266404642621683e-05
2021,40,736050.586,308876612.297,0.0023829922910843485,5.678652259367432e-06
2021,41,54550.452000000005,308876612.297,0.0001766092019539086,3.1190810214796475e-08
2021,42,1019.691,308876612.297,3.3012891212997284e-06,1.0898509862411932e-11
2021,43,17821.947,308876612.297,5.769924393907599e-05,3.3292027511409973e-09
2021,44,15900968.684999999,308876612.297,0.05148000221431605,0.002650190627985985
2021,47,2726175.107,308876612.297,0.008826097536898161,7.789999773083978e-05
2021,48,1521128.336,308876612.297,0.004924711925218089,2.4252787546385254e-05
2021,49,309554.244,308876612.297,0.0010021938588938824,1.004392530804611e-06
2021,50,12414.632,308876612.297,4.019285211553254e-05,1.6154653611810683e-09
2021,51,10591.668,308876612.297,3.429093553323355e-05,1.1758682597443792e-09
2021,52,7.833,308876612.297,2.5359640996282966e-08,6.431113914603557e-16
2021,53,19686.458,308876612.297,6.3735670543649e-05,4.0622356996485675e-09
2021,54,476.151,308876612.297,1.5415573113776497e-06,2.376398944261888e-12
2021,55,671.3009999999999,308876612.297,2.1733629976312714e-06,4.723506719472786e-12
2021,56,104.327,308876612.297,3.377627047388246e-07,1.140836447124864e-13
2021,57,0.492,308876612.297,1.5928690629607071e-09,2.537231851737321e-18
2021,58,101.223,308876612.297,3.2771338447169037e-07,1.0739606236188994e-13
2021,59,818.112,308876612.297,2.648669298449004e-06,7.015449052546339e-12
2021,60,0.165,308876612.297,5.341938930660908e-10,2.8536311538910603e-19
2021,61,1358.048,308876612.297,4.3967330187310215e-06,1.9331261237999602e-11
