Series ID,Series Name,Units,Region Name,Region Code,1990-01-01,1991-01-01,1992-01-01,1993-01-01,1994-01-01,1995-01-01,1996-01-01,1997-01-01,1998-01-01,1999-01-01,2000-01-01,2001-01-01,2002-01-01,2003-01-01,2004-01-01,2005-01-01,2006-01-01,2007-01-01,2008-01-01,2009-01-01,2010-01-01,2011-01-01,2012-01-01,2013-01-01,2014-01-01,2015-01-01,2016-01-01,2017-01-01,2018-01-01,2019-01-01
RGDPNAAGA666NRUG,Real GDP at Constant National Prices by Nation,Millions of 2017 U.S. Dollars,Antigua and Barbuda,AG,698.21411,713.41125,721.67603,759.77954,810.50781,775.17297,826.36902,871.58478,912.8205,946.66437,1005.39001,959.66486,969.5249,1028.43848,1087.74878,1158.16785,1305.34961,1426.94788,1426.74316,1256.06616,1157.58313,1134.91052,1173.1897,1166.14026,1210.40369,1256.7052,1325.79614,1367.48706,1462.53308,1511.54504
RGDPNAALA666NRUG,Real GDP at Constant National Prices by Nation,Millions of 2017 U.S. Dollars,Albania,AL,15105.70801,10875.78613,10094.13086,11059.07031,11977.29102,13572.94531,14808.31836,13203.41504,14369.19043,16221.48145,17348.26563,18787.00781,19639.29297,20725.07813,21868.02344,23076.55469,24438.66797,25900.89063,27843.48242,28777.42969,29844.17969,30603.84375,31037.57227,31348.56445,31904.8418,32612.73047,33693.83984,34974.94531,36398.88281,37204.77344
RGDPNAAMA666NRUG,Real GDP at Constant National Prices by Nation,Millions of 2017 U.S. Dollars,Armenia,AM,19326.20703,17069.14453,9941.68848,9065.74219,9548.69043,10206.70898,10808.91309,11167.87793,11987.62402,12377.84863,13107.60156,14360.25684,16521.5293,18841.28711,20813.56055,23699.51758,26827.375,30515.92969,32636.07422,28018.07422,28638.70508,29970.625,32118.09375,33164.41797,34372.3125,35484.4375,35545.41797,38221.71484,40210.19531,43260.19531
RGDPNAAOA666NRUG,Real GDP at Constant National Prices by Nation,Millions of 2017 U.S. Dollars,Angola,AO,72165.63281,72881.05469,68626.05469,52167.17578,52865.88672,60795.77344,69030.17969,74051.625,77525.5,79216.70313,81636.47656,84199.86719,96434.10156,99317.33594,110195.65625,126757.17969,141521.79688,161348.04688,179361.67188,180901.59375,189691.96875,196278.03125,213044.40625,223599.89063,234383.26563,236594.85938,230491.17188,230151.34375,225540.04688,222151.0625
RGDPNAARA666NRUG,Real GDP at Constant National Prices by Nation,Millions of 2017 U.S. Dollars,Argentina,AR,447422.84375,494384.53125,545328.4375,579420.625,613236.9375,595788.8125,628716.125,679711.625,705881.75,681984.4375,676603.6875,646773.3125,576310.625,627239.5,683876.5,744411.0,804314.8125,876764.6875,912337.0625,858340.1875,945250.5625,1002002.9375,991718.125,1015572.1875,990054.75,1017094.75,995935.8125,1022513.25,997136.625,975569.0
RGDPNAATA666NRUG,Real GDP at Constant National Prices by Nation,Millions of 2017 U.S. Dollars,Austria,AT,276407.03125,285919.9375,291905.75,293443.5625,300492.40625,308509.5,315758.03125,322368.75,333914.125,345789.21875,357462.09375,361991.78125,367970.25,371434.5625,381593.75,390156.96875,403633.15625,418678.21875,424792.71875,408801.0625,416311.125,428479.03125,431394.625,431504.625,434358.0625,438764.625,447493.59375,458231.5625,470054.5,476723.3125
RGDPNAAUA666NRUG,Real GDP at Constant National Prices by Nation,Millions of 2017 U.S. Dollars,Australia,AU,555263.68750,557552.375,580021.25,603128.6875,626275.25,650565.875,676370.8125,707326.1875,743213.0625,772444.6875,787359.5,818864.9375,843315.6875,877516.0,905633.9375,930942.25,966729.75,1002092.3125,1021502.75,1042621.5,1068298.625,1110156.375,1138852.875,1167701.25,1193304.875,1226367.125,1254581.0,1291582.25,1319492.875,1315734.25
RGDPNAAZA666NRUG,Real GDP at Constant National Prices by Nation,Millions of 2017 U.S. Dollars,Azerbaijan,AZ,55394.67969,55006.91406,42575.35156,32740.29688,26305.27344,23196.97656,23488.10742,24851.85156,27328.63281,29349.95313,32606.13672,35834.88672,39217.3125,43220.73438,47220.30078,60423.8125,81249.61719,101938.38281,112735.11719,123297.35156,129202.36719,127170.02344,129971.5,137566.26563,141414.8125,142899.03125,138521.17188,138733.95313,140815.53125,143939.8125
RGDPNABAA666NRUG,Real GDP at Constant National Prices by Nation,Millions of 2017 U.S. Dollars,Bosnia and Herzegovina,BA,8624.27246,7818.07324,7314.83057,7155.26953,7951.79102,9221.55664,14219.57715,19429.79102,22658.31836,24815.74414,26159.3457,26862.75781,28216.91602,29316.93164,31168.15234,32384.08789,34137.36328,36137.51172,38104.05859,36959.24219,37279.18359,37636.88281,37327.56641,38204.71484,38645.53906,39839.36328,41094.22266,42397.5,43983.20313,45161.16406
RGDPNABBA666NRUG,Real GDP at Constant National Prices by Nation,Millions of 2017 U.S. Dollars,Barbados,BB,2712.58496,2606.43921,2424.38599,2454.00854,2546.88623,2598.41626,2701.47656,2829.53052,2935.36792,2944.93359,3076.07324,3003.25195,3027.01147,3092.73584,3136.24316,3260.59448,3445.42407,3521.28955,3545.8562,3365.87524,3288.88867,3266.74487,3252.05615,3206.15674,3202.10376,3280.44263,3361.97266,3378.02661,3358.33252,3355.10425
RGDPNABDA666NRUG,Real GDP at Constant National Prices by Nation,Millions of 2017 U.S. Dollars,Bangladesh,BD,151626.20313,156781.21875,163408.82813,170884.3125,177864.40625,186624.15625,195250.07813,205769.51563,216526.07813,227069.01563,240567.82813,253254.34375,264436.90625,278335.71875,295788.78125,313404.5,334181.125,357769.59375,379285.0625,398420.5,420619.6875,447810.1875,477013.875,505699.65625,536350.5,571495.5625,612148.875,656738.9375,708383.0,766135.3125
RGDPNABEA666NRUG,Real GDP at Constant National Prices by Nation,Millions of 2017 U.S. Dollars,Belgium,BE,318085.71875,323916.4375,328874.5,325711.15625,336221.78125,344239.84375,348788.84375,362020.6875,369122.96875,382200.03125,396405.15625,400764.0625,407604.6875,411835.4375,426542.84375,436446.0625,447585.6875,464043.0625,466116.96875,456698.0,469779.15625,477739.53125,481271.15625,483481.28125,491071.375,501096.4375,507443.71875,515603.875,524948.125,534102.3125
RGDPNABFA666NRUG,Real GDP at Constant National Prices by Nation,Millions of 2017 U.S. Dollars,Burkina Faso,BF,8509.28906,9281.41797,9302.57227,9625.1748,9751.3457,10308.90918,11444.41113,12167.33496,13056.48926,13871.60547,14133.56641,15068.27637,15724.19238,16951.07031,17710.2168,19244.25391,20447.62891,21288.30859,22523.0293,23190.15039,25148.85547,26814.35352,28544.59766,30198.06641,31504.68945,32740.06055,34690.70703,36842.74219,39322.71484,41563.88281
RGDPNABGA666NRUG,Real GDP at Constant National Prices by Nation,Millions of 2017 U.S. Dollars,Bulgaria,BG,94916.65625,86900.61719,80598.42969,79405.29688,80848.98438,84740.67969,89095.4375,76450.28906,79726.42969,73124.28125,76621.21094,79545.9375,84281.41406,88623.42969,94332.39063,101080.45313,107956.125,115034.88281,122035.60156,117857.50781,118529.11719,121315.72656,121753.16406,122141.21875,124455.1875,129420.38281,134353.39063,139064.67188,143353.625,148186.92188
RGDPNABHA666NRUG,Real GDP at Constant National Prices by Nation,Millions of 2017 U.S. Dollars,Bahrain,BH,21245.27344,22213.18359,23945.08008,27030.47656,26458.48242,26970.21484,27850.39453,28493.7168,29886.49609,31665.71875,33888.07031,34732.23828,35895.25,38155.37891,40818.98438,43582.00391,46400.46875,50248.91797,53385.37891,54741.63672,57115.65234,58248.52344,60420.19922,63693.05859,66463.88281,68366.71875,70806.00781,73566.20313,74875.14844,76237.61719
RGDPNABIA666NRUG,Real GDP at Constant National Prices by Nation,Millions of 2017 U.S. Dollars,Burundi,BI,6019.71533,6340.77686,6455.27344,6001.56543,5816.44238,5408.06201,4942.55127,4961.31299,5184.05273,5132.23486,5086.01318,5192.8457,5426.49414,5361.37012,5585.96094,5636.79346,5941.99658,6144.99268,6446.12158,6690.25342,7030.92578,7314.65869,7638.21875,8012.40723,8351.77637,8317.77051,8583.94336,8945.59375,9089.6123,9250.67578
RGDPNABJA666NRUG,Real GDP at Constant National Prices by Nation,Millions of 2017 U.S. Dollars,Benin,BJ,7488.21387,7804.65137,8035.49023,8504.45508,8676.2793,9555.34277,9969.30859,10541.0127,10958.54297,11543.8877,12220.09668,12871.81055,13469.4541,13933.28516,14550.48535,14799.75781,15383.42383,16304.32715,17102.68164,17499.3457,17869.28906,19525.50391,21683.4707,24594.00781,27807.02344,31427.85156,32477.43945,34319.41797,36617.875,39131.94531
RGDPNABMA666NRUG,Real GDP at Constant National Prices by Nation,Millions of 2017 U.S. Dollars,Bermuda,BM,2108.28149,2113.79346,2056.17773,2105.99341,2139.27344,2254.71313,2342.07275,2449.94287,2545.7312,2632.0271,2710.55664,2906.29248,2863.34375,2961.00415,3030.82007,3081.56763,3223.5105,3436.54224,3586.32153,3480.42456,3500.70532,3369.68262,3190.91113,3181.98584,3064.21826,3087.98242,3067.68799,3178.4751,3181.82593,3258.4353
RGDPNABNA666NRUG,Real GDP at Constant National Prices by Nation,Millions of 2017 U.S. Dollars,Brunei Darussalam,BN,19452.23633,20064.19336,21018.96289,21082.98242,21746.125,22720.06836,23374.02539,23029.61328,22900.57617,23599.72266,24272.98633,24939.27344,25904.88477,26656.98242,26791.39844,26895.33203,28077.99805,28120.7168,27576.41406,27089.35742,27793.43359,28834.13086,29097.42188,28479.16797,27764.94336,27655.99609,26970.70313,27329.07813,27343.38281,28401.25586
RGDPNABOA666NRUG,Real GDP at Constant National Prices by Nation,Millions of 2017 U.S. Dollars,Bolivia,BO,30568.92773,32178.23242,32708.73047,34104.25391,35697.73047,37366.41797,38996.91797,40928.90625,42987.36328,43170.87109,44253.51563,44998.65625,46117.125,47367.51953,49344.30469,51525.94922,53997.71484,56462.34766,59933.9375,61946.06641,64502.35547,67859.07813,71335.00781,76182.94531,80342.96094,84245.36719,87837.50781,91522.48438,95388.0625,97502.52344
RGDPNABRA666NRUG,Real GDP at Constant National Prices by Nation,Millions of 2017 U.S. Dollars,Brazil,BR,1568622.12500,1584778.875,1569940.125,1645865.5,1742186.75,1815769.5,1854818.125,1917423.0,1918100.875,1922974.125,2005781.25,2032119.375,2086134.875,2110055.0,2228845.0,2300215.5,2391349.75,2536501.5,2665716.0,2662362.0,2862790.75,2976570.0,3033755.25,3124914.25,3140662.25,3029301.75,2930064.5,2968825.5,3007931.5,3042119.0
RGDPNABSA666NRUG,Real GDP at Constant National Prices by Nation,Millions of 2017 U.S. Dollars,Bahamas,BS,8281.36621,7935.2583,7631.48779,7654.95313,7896.23486,8241.83398,8589.9834,9111.39551,9541.08789,10222.75977,10646.92578,10926.4248,11221.94922,11080.04395,11177.85156,11557.36914,11848.25195,12019.66406,11740.38672,11250.13086,11423.20117,11493.26855,11848.05273,11530.65723,11652.19336,11678.99414,11847.68848,12216.80566,12586.54199,12739.76367
RGDPNABTA666NRUG,Real GDP at Constant National Prices by Nation,Millions of 2017 U.S. Dollars,Bhutan,BT,1475.56030,1486.48328,1541.02014,1572.0426,1664.44958,1777.28198,1891.12378,2002.19592,2124.9397,2293.70117,2494.10522,2698.71655,2988.23047,3217.55811,3407.3208,3650.01733,3900.1001,4600.0083,4817.92041,5138.61523,5741.46729,6194.56543,6508.69775,6648.13232,6913.62402,7372.85156,7972.05469,8342.89063,8595.48535,8922.63867
RGDPNABWA666NRUG,Real GDP at Constant National Prices by Nation,Millions of 2017 U.S. Dollars,Botswana,BW,10963.20703,11777.11523,12130.55371,12362.9873,12811.75586,13712.47461,14511.88379,15676.6875,15789.87207,17316.31641,17660.51367,17704.77148,18779.36133,19648.08594,20179.7207,21099.2207,22863.94922,24756.36719,26302.50195,24289.74219,26369.80859,27964.75977,29210.91602,32524.4043,33873.95703,33298.78906,34731.89453,35740.50391,37341.26172,38448.84766
RGDPNABYA666NRUG,Real GDP at Constant National Prices by Nation,Millions of 2017 U.S. Dollars,Belarus,BY,100207.73438,98819.1875,89288.96875,82537.96875,72894.64063,65278.74219,67091.17969,74753.92969,81066.46875,83862.13281,88715.73438,92907.83594,97561.00781,104385.125,116313.32031,127294.875,140021.73438,152033.26563,167607.89063,167866.21875,180875.82813,190905.78125,194241.9375,196088.96875,199514.59375,191874.04688,187146.98438,191909.875,197955.01563,200419.1875
RGDPNABZA666NRUG,Real GDP at Constant National Prices by Nation,Millions of 2017 U.S. Dollars,Belize,BZ,901.15051,924.39917,980.14319,1041.65405,1043.30359,1050.02502,1065.02148,1102.77307,1144.0238,1244.45764,1406.48096,1472.32874,1542.02686,1685.93896,1766.68494,1801.09595,1887.96021,1897.52722,1963.74731,1968.01782,2027.12756,2066.06592,2115.98999,2143.51245,2221.4751,2284.76343,2286.69434,2329.44629,2377.90186,2384.41724
RGDPNACAA666NRUG,Real GDP at Constant National Prices by Nation,Millions of 2017 U.S. Dollars,Canada,CA,973635.25000,953324.3125,961906.75,987501.6875,1031884.625,1059683.25,1076841.5,1122930.625,1166681.75,1226916.5,1290441.875,1313540.375,1353183.625,1377561.5,1420086.625,1465589.0,1504197.125,1535361.5,1550780.875,1505405.625,1551921.625,1600746.625,1628935.125,1666875.0,1714715.0,1726018.0,1743302.125,1796296.5,1839938.375,1874187.25
RGDPNACDA666NRUG,Real GDP at Constant National Prices by Nation,Millions of 2017 U.S. Dollars,Democratic Republic of the Congo,CD,59837.39063,54798.44922,49044.60938,42438.76563,40783.65625,41069.13672,40648.92969,38365.66016,37742.54688,36130.88672,33634.13672,32927.65625,33897.98828,35788.59766,38200.48828,40544.23047,42701.55859,45374.44141,48199.41406,49575.54688,53099.34375,56749.78125,60771.54688,65926.17188,72169.27344,77161.07813,79013.07813,81936.23438,86676.03125,90530.5
RGDPNACFA666NRUG,Real GDP at Constant National Prices by Nation,Millions of 2017 U.S. Dollars,Central African Republic,CF,3736.76904,3780.85693,3730.54175,3717.54492,3909.9812,4111.46387,3801.12402,4033.78296,4217.42627,4467.86133,4553.72803,4582.43799,4554.48682,4233.31787,4350.50293,4454.12158,4665.86865,4853.95898,4980.79102,5120.85645,5357.99365,5582.74072,5864.87939,3730.53394,3733.55835,3895.48706,4080.53516,4265.27246,4426.90234,4558.39404
RGDPNACGA666NRUG,Real GDP at Constant National Prices by Nation,Millions of 2017 U.S. Dollars,Republic of Congo,CG,10978.86035,11241.84375,11535.47461,11422.46289,10795.01953,11225.23633,11942.75195,11651.71094,12070.98242,11756.88867,12647.2998,13129.11621,13730.77832,13841.71875,14335.91211,15432.15723,17445.58008,16291.72852,17319.14648,19334.62695,21254.79688,21723.66211,23884.54883,23714.38672,25126.62695,24313.7168,21836.05469,20824.37109,19532.42578,19356.19922
RGDPNACHA666NRUG,Real GDP at Constant National Prices by Nation,Millions of 2017 U.S. Dollars,Switzerland,CH,403219.59375,399526.84375,399352.125,398849.0,403913.40625,405855.6875,407860.25,417115.28125,429901.25,437405.34375,454798.34375,461965.15625,461939.6875,461723.3125,474750.96875,488436.34375,508047.0625,528347.25,542905.875,531615.4375,548989.1875,559532.1875,566342.8125,576659.6875,590769.625,600563.25,612845.9375,622558.4375,641318.625,648257.25
RGDPNACIA666NRUG,Real GDP at Constant National Prices by Nation,Millions of 2017 U.S. Dollars,Côte d'Ivoire,CI,35789.69531,35809.95703,35587.03516,35445.17188,36205.14453,38758.66016,41372.96875,43723.63672,45966.15234,46859.39844,45890.16406,45945.86719,45179.63672,44565.42188,45114.34375,45890.88281,46586.51563,47408.78125,48618.53125,50199.33984,54051.22656,54652.44531,63509.11328,73253.83594,84094.79688,96605.38281,103541.88281,111163.03906,118822.5,126227.23438
RGDPNACLA666NRUG,Real GDP at Constant National Prices by Nation,Millions of 2017 U.S. Dollars,Chile,CL,121672.97656,131370.1875,147499.84375,157804.57813,166812.25,184540.34375,198221.26563,211314.92188,218142.25,216482.5,226200.57813,233839.46875,238946.76563,247960.78125,265358.03125,281748.5,299546.03125,314241.78125,325332.90625,320241.84375,338959.53125,359672.5,378801.8125,394124.1875,401087.34375,410327.46875,417348.53125,422309.03125,438987.34375,443616.21875
RGDPNACMA666NRUG,Real GDP at Constant National Prices by Nation,Millions of 2017 U.S. Dollars,Cameroon,CM,35722.80469,34378.17969,33329.59375,32277.01172,32962.5625,34106.29297,35593.68359,37455.67969,39142.05078,40822.05859,42272.58594,44119.08203,45988.49219,48088.875,51349.8125,52387.39453,54198.77734,56855.71094,58839.29297,60132.97266,62191.03125,64759.0625,67701.24219,71359.99219,75558.85938,79829.04688,83539.88281,86504.78906,90019.03125,93489.34375
RGDPNACNA666NRUG,Real GDP at Constant National Prices by Nation,Millions of 2017 U.S. Dollars,China,CN,3165272.00000,3300483.75,3556377.75,3920962.75,4256331.0,4657186.5,4990733.0,5274995.0,5305999.5,5573186.0,5962253.0,6370915.0,6969823.0,7496914.0,8225812.5,9019761.0,9982318.0,10976751.0,11616248.0,12577917.0,13947309.0,14918415.0,15416000.0,16562428.0,17711682.0,18379366.0,19132416.0,19687162.0,19841296.0,20572606.0
RGDPNACOA666NRUG,Real GDP at Constant National Prices by Nation,Millions of 2017 U.S. Dollars,Colombia,CO,261696.43750,266934.5625,277731.875,293590.8125,308702.96875,324763.0625,331439.71875,342809.0625,344762.34375,330268.46875,339928.375,345632.0,354286.59375,368168.46875,387803.0,406055.15625,433329.34375,462527.9375,477714.78125,483159.03125,504875.40625,539953.625,561080.0,589885.875,616425.0,634645.875,647893.375,656700.5625,673218.75,695584.4375
RGDPNACRA666NRUG,Real GDP at Constant National Prices by Nation,Millions of 2017 U.S. Dollars,Costa Rica,CR,28255.94531,28895.1875,31552.55273,33788.84766,35305.03906,36760.13672,37215.16406,39286.16406,42021.14844,43678.1875,45352.44922,46935.46094,48480.46094,50543.53516,52735.39063,54776.71484,58741.30469,63539.24219,66493.55469,65848.20313,69108.92188,72085.5,75543.39063,77257.48438,79973.35156,82877.77344,86396.75781,89731.84375,92119.04688,94038.67969
RGDPNACVA666NRUG,Real GDP at Constant National Prices by Nation,Millions of 2017 U.S. Dollars,Cape Verde,CV,990.37897,1004.3103,1034.87622,1110.56348,1187.49817,1276.44092,1361.92163,1465.95007,1589.28882,1777.80762,1906.97961,2024.01379,2130.93262,2230.729,2326.20435,2477.89331,2729.19556,2965.24805,3162.44531,3122.2688,3168.06592,3293.80273,3329.43921,3356.16797,3376.67871,3410.67969,3571.1792,3703.38574,3871.19238,4090.60156
RGDPNACYA666NRUG,Real GDP at Constant National Prices by Nation,Millions of 2017 U.S. Dollars,Cyprus,CY,11867.70215,11947.77246,13074.49023,13166.00098,13926.67578,15308.75293,15499.79688,15909.1748,16881.33203,17725.09766,18782.49023,19524.88477,20251.68359,20783.00391,21827.625,22886.90039,23965.80664,25187.48828,26106.13867,25579.92773,26095.38281,26200.11523,25297.05664,23639.24414,23198.67383,23981.66992,25599.55664,26715.97266,27799.84961,28697.79688
RGDPNACZA666NRUG,Real GDP at Constant National Prices by Nation,Millions of 2017 U.S. Dollars,Czech Republic,CZ,224322.68750,198267.71875,197263.40625,197385.53125,203128.07813,216333.0625,225560.57813,224391.42188,223591.3125,226686.14063,235755.9375,242929.9375,246743.57813,255586.10938,267890.6875,285575.78125,304900.53125,321884.5,330531.65625,315137.6875,322811.0,328493.625,325914.9375,325765.3125,333134.5,351085.03125,359993.0625,378600.09375,390644.5625,399767.3125
RGDPNADEA666NRUG,Real GDP at Constant National Prices by Nation,Millions of 2017 U.S. Dollars,Germany,DE,2817478.50000,2961403.0,3018352.75,2988868.0,3060358.5,3107615.0,3132656.75,3188799.0,3253019.5,3314412.25,3410944.5,3468298.75,3461432.5,3437198.5,3477588.25,3503034.0,3636725.25,3744970.75,3780918.0,3565638.5,3714678.5,3860486.5,3876642.75,3893606.5,3979637.5,4039011.0,4129080.75,4236518.5,4290237.5,4314067.5
RGDPNADJA666NRUG,Real GDP at Constant National Prices by Nation,Millions of 2017 U.S. Dollars,Djibouti,DJ,1026.90796,994.59442,1052.90588,1103.85706,1077.1106,1137.44531,1079.5387,1129.23792,1127.14636,1164.07019,1176.43542,1201.67749,1244.84119,1288.95691,1332.22485,1379.61902,1554.83069,1632.57214,1714.20068,1952.48889,2181.7417,2461.4668,2785.02856,3157.13647,3380.0791,3640.22729,3882.40527,4091.94653,4436.2168,4778.25244
RGDPNADKA666NRUG,Real GDP at Constant National Prices by Nation,Millions of 2017 U.S. Dollars,Denmark,DK,186221.34375,188816.625,192511.79688,192532.32813,202799.0,208939.01563,214998.375,222009.23438,226933.73438,233623.76563,242377.4375,244372.5625,245512.17188,246469.84375,253046.15625,258958.98438,269092.0,271538.71875,270148.375,256893.48438,261699.9375,265198.25,265798.84375,268279.6875,272624.15625,279010.6875,288067.21875,296195.75,302639.90625,311263.65625
RGDPNADMA666NRUG,Real GDP at Constant National Prices by Nation,Millions of 2017 U.S. Dollars,Dominica,DM,489.99313,496.59711,506.67514,517.62646,517.80499,533.49896,550.05981,562.08209,583.29633,585.36163,599.06042,598.67792,581.74731,618.70654,637.58136,641.763,671.66565,714.33643,765.20471,756.255,761.3418,759.63977,751.59521,744.07971,777.17603,756.26135,775.59503,722.85907,739.47089,765.77197
RGDPNADOA666NRUG,Real GDP at Constant National Prices by Nation,Millions of 2017 U.S. Dollars,Dominican Republic,DO,42291.79688,42616.17578,47096.46484,50498.09766,51661.16406,54499.30859,58385.82031,63059.17578,67480.03906,72011.52344,76084.9375,77461.51563,81945.10938,81737.46094,82809.85156,90480.32813,100135.625,108621.78125,112108.0,113168.71094,122606.59375,126448.375,129884.44531,136216.57813,145820.48438,155921.5,166304.60938,174065.5625,186219.75,195627.875
RGDPNAECA666NRUG,Real GDP at Constant National Prices by Nation,Millions of 2017 U.S. Dollars,Ecuador,EC,83356.69531,86933.82031,88771.875,90523.53906,94378.25781,96504.17188,98175.38281,102424.27344,105769.99219,100757.14844,101857.21094,105947.42188,110287.85156,113290.85938,122593.19531,129079.98438,134764.0,137715.46875,146470.21875,147299.96875,152492.71875,164491.0625,173771.59375,182367.21875,189276.875,189464.01563,187140.45313,191572.67188,194042.60938,194146.82813
RGDPNAEEA666NRUG,Real GDP at Constant National Prices by Nation,Millions of 2017 U.S. Dollars,Estonia,EE,23929.80078,22015.45313,17355.07813,16358.81055,16032.97656,16766.56641,17594.16211,19889.58984,20750.86719,20667.15234,22755.88086,24116.58984,25757.09961,27706.05664,29581.05078,32388.38281,35536.13281,38227.49219,36282.11328,31045.20313,31880.42188,34253.57813,35323.94922,35799.47656,36868.92188,37549.11328,38746.10938,40876.81641,42657.19531,44788.53906
RGDPNAEGA666NRUG,Real GDP at Constant National Prices by Nation,Millions of 2017 U.S. Dollars,Egypt,EG,355930.50000,374941.90625,399925.84375,411454.96875,427699.25,447192.40625,470078.15625,495890.78125,515845.78125,547363.4375,576829.6875,597157.6875,616180.1875,635857.0625,661875.875,691472.875,738797.375,791162.125,847779.3125,887403.375,933078.875,949544.75,970683.5625,991895.8125,1020818.5625,1065449.5,1111759.375,1158246.0,1219796.5,1287589.0
RGDPNAESA666NRUG,Real GDP at Constant National Prices by Nation,Millions of 2017 U.S. Dollars,Spain,ES,1055523.50000,1082397.125,1092455.0,1081186.375,1106953.25,1137477.375,1167740.25,1210976.75,1264175.375,1320943.125,1390239.625,1444917.125,1484378.125,1528640.75,1576377.0,1633946.875,1700983.25,1762298.375,1777932.5,1711024.75,1713814.0,1699857.125,1649550.75,1625873.25,1648373.875,1711591.875,1763475.25,1815914.875,1860042.375,1896315.375
RGDPNAETA666NRUG,Real GDP at Constant National Prices by Nation,Millions of 2017 U.S. Dollars,Ethiopia,ET,36734.37891,34082.92969,31047.03711,35195.88281,36422.96094,38652.42969,43883.125,45129.60547,43303.94922,45539.47266,48305.02344,52315.03125,53107.38281,51959.6875,59012.03516,65986.39063,73135.91406,81514.28906,90308.59375,98257.90625,110589.79688,125138.26563,135960.0,150347.60938,165778.89063,182997.04688,196834.85938,215542.125,230360.26563,249437.21875
RGDPNAFIA666NRUG,Real GDP at Constant National Prices by Nation,Millions of 2017 U.S. Dollars,Finland,FI,151298.93750,142392.98438,137701.60938,136790.03125,142211.09375,148207.9375,153642.98438,163374.42188,172290.0625,179835.64063,190218.20313,195182.9375,198515.0,202492.79688,210576.51563,216430.21875,225146.75,237078.03125,238936.71875,219643.90625,226641.65625,232415.71875,229167.60938,227101.20313,226272.5,227502.67188,233898.79688,241547.70313,245213.39063,248022.42188
RGDPNAFJA666NRUG,Real GDP at Constant National Prices by Nation,Millions of 2017 U.S. Dollars,Fiji,FJ,6269.72754,6102.19141,6340.6084,6450.15137,6779.10938,6948.58691,7282.11914,7121.9126,7214.49756,7849.37354,7715.93359,7870.25244,8122.10107,8203.32227,8638.09863,8698.56445,8859.70313,8779.9668,8867.76563,8743.61719,9005.92578,9249.08496,9379.61914,9823.67188,10400.06055,10729.58105,11100.13672,11404.21191,12000.59082,12043.99316
RGDPNAFRA666NRUG,Real GDP at Constant National Prices by Nation,Millions of 2017 U.S. Dollars,France,FR,1889867.12500,1909676.25,1940218.5,1928021.0,1973490.375,2015065.75,2043538.625,2091281.75,2166330.5,2240449.0,2328356.75,2374544.75,2401508.5,2421277.0,2489792.75,2531203.75,2593201.0,2656079.25,2662850.75,2586338.75,2636758.0,2694574.25,2703011.75,2718589.75,2744584.5,2775129.5,2805530.25,2869816.5,2921268.5,2965338.5
RGDPNAGAA666NRUG,Real GDP at Constant National Prices by Nation,Millions of 2017 U.S. Dollars,Gabon,GA,17790.10156,18877.51953,18294.17773,18730.9082,19756.96875,20739.60742,21491.47266,22724.73242,23396.83789,20912.58594,20637.4043,21123.10156,20743.84766,21261.04883,21429.94922,21664.45703,20987.74805,22316.74219,21545.82031,21520.59766,23046.02539,24680.45313,25976.75977,27441.56836,28625.54297,29736.10547,30357.84766,30507.99609,30885.04297,32012.29297
RGDPNAGBA666NRUG,Real GDP at Constant National Prices by Nation,Millions of 2017 U.S. Dollars,United Kingdom,GB,1698124.87500,1679392.875,1686127.75,1728109.625,1794573.625,1840006.125,1885852.0,1979678.625,2053080.625,2120733.5,2195091.25,2255024.5,2304155.75,2380697.25,2435126.5,2507101.25,2574637.75,2635414.0,2628067.0,2519949.5,2572214.75,2605028.5,2642290.75,2700054.25,2777349.5,2842980.25,2891947.5,2942276.25,2979130.75,3016695.25
RGDPNAGDA666NRUG,Real GDP at Constant National Prices by Nation,Millions of 2017 U.S. Dollars,Grenada,GD,728.60742,745.34283,743.13348,723.51727,743.4386,759.26996,792.96808,832.73944,930.61548,994.81268,1043.4408,1022.32526,1057.42932,1157.53699,1150.04553,1302.66003,1250.67688,1327.2561,1339.85242,1250.68359,1244.84949,1254.39624,1238.35242,1268.83557,1362.18103,1449.99011,1504.20972,1570.98132,1636.03638,1668.75598
RGDPNAGEA666NRUG,Real GDP at Constant National Prices by Nation,Millions of 2017 U.S. Dollars,Georgia,GE,60484.33594,47581.01172,26406.21484,18671.65625,16733.32617,17164.63867,19101.85352,21111.17383,21766.66992,22391.20703,22802.83594,23898.61523,25206.78516,27994.17773,29616.71484,32456.45117,35514.08984,39981.32813,40948.11719,39453.47266,41919.08594,45004.60547,47892.44922,49624.02734,51828.10156,53396.74219,54948.35938,57609.71094,60399.59375,63508.82422
RGDPNAGHA666NRUG,Real GDP at Constant National Prices by Nation,Millions of 2017 U.S. Dollars,Ghana,GH,35390.52734,37259.79297,38705.25391,40582.46094,41909.1875,43595.36328,45599.07031,47513.43359,49743.59375,51946.49219,54131.12891,56588.16406,59300.80078,62398.76563,65738.96875,69812.0,72989.75781,76162.57813,83131.0,87158.39063,94043.70313,107253.98438,117221.19531,125793.00781,129437.78125,132257.20313,136817.15625,147958.79688,157226.15625,167411.90625
RGDPNAGMA666NRUG,Real GDP at Constant National Prices by Nation,Millions of 2017 U.S. Dollars,The Gambia,GM,2288.23218,2354.11572,2436.80493,2510.2041,2514.07861,2536.24878,2644.00146,2655.1001,2752.13354,2940.5437,3120.93604,3301.45801,3316.55151,3392.93652,3705.40479,3618.26367,3598.16138,3707.66235,3939.61035,4202.21387,4450.49463,4088.64966,4302.95898,4426.57324,4364.27441,4541.37988,4629.63525,4852.90479,5225.53955,5542.03857
RGDPNAGNA666NRUG,Real GDP at Constant National Prices by Nation,Millions of 2017 U.S. Dollars,Guinea,GN,9491.02246,9727.96973,10046.31738,10553.50586,10975.71582,11489.38574,12081.87695,12707.87109,13290.53906,13890.00586,14290.71582,14819.47363,15590.08594,15777.16602,16140.04199,16624.24219,16571.77539,17701.55078,18433.15625,18226.21875,19103.51367,20175.62109,21369.39453,22210.23438,23033.66797,23912.39258,26501.81641,29231.55273,31043.89063,32796.19922
RGDPNAGQA666NRUG,Real GDP at Constant National Prices by Nation,Millions of 2017 U.S. Dollars,Equatorial Guinea,GQ,1384.71436,1389.17822,1573.90601,1723.14648,1884.77441,2105.35913,2833.84985,5533.43604,6511.90283,8022.75195,9072.94336,15226.00586,18296.77148,20783.72266,25782.46289,28077.10156,29565.21289,34083.39063,40149.91797,40689.29297,37058.10156,39475.72266,42757.28906,40990.04297,41160.17578,37410.47656,34112.21094,32178.89844,30133.50195,28456.31641
RGDPNAGRA666NRUG,Real GDP at Constant National Prices by Nation,Millions of 2017 U.S. Dollars,Greece,GR,225148.18750,232127.79688,233752.6875,230012.64063,234612.875,239539.10938,246395.0,257443.875,267471.0625,275689.375,286495.75,298332.65625,310035.875,328001.0,344601.375,346666.03125,366261.09375,378251.5625,376983.75,360770.6875,341005.40625,306395.65625,284695.625,276889.9375,278823.03125,277674.53125,276314.3125,279853.40625,284216.25,289493.21875
RGDPNAGTA666NRUG,Real GDP at Constant National Prices by Nation,Millions of 2017 U.S. Dollars,Guatemala,GT,47761.65625,49508.89453,51904.30469,53943.21875,56118.81641,58898.90234,60632.05469,63238.82031,66254.21875,69000.48438,71490.30469,73157.22656,75985.94531,77908.98438,80364.74219,82984.74219,87449.00781,92962.00781,96012.1875,96517.39063,99286.83594,103419.10156,106490.67188,110428.0625,115335.46094,120055.1875,123270.02344,126997.01563,131079.84375,136121.1875
RGDPNAGWA666NRUG,Real GDP at Constant National Prices by Nation,Millions of 2017 U.S. Dollars,Guinea-Bissau,GW,1717.81335,1769.35095,1824.11853,1865.63574,1920.90991,1998.04846,2072.90747,2197.15356,1825.62939,2067.12817,2063.2146,2104.81958,2077.88965,2086.23657,2143.84058,2235.3064,2286.92651,2361.54712,2437.20508,2519.31201,2635.47266,2848.55103,2799.75879,2890.92114,2918.80469,3097.84473,3291.86353,3486.70898,3603.79419,3765.96509
RGDPNAHKA666NRUG,Real GDP at Constant National Prices by Nation,Millions of 2017 U.S. Dollars,Hong Kong,HK,135461.73438,143185.6875,152113.1875,161546.03125,171296.98438,175363.28125,182831.1875,192155.14063,180851.3125,185384.73438,199591.82813,200711.17188,204036.4375,210272.39063,228566.03125,245453.01563,262714.90625,279699.03125,285650.75,278626.375,297482.9375,311805.6875,317107.25,326942.5,335974.1875,343996.53125,351459.28125,364783.21875,375170.28125,370482.5625
RGDPNAHNA666NRUG,Real GDP at Constant National Prices by Nation,Millions of 2017 U.S. Dollars,Honduras,HN,18794.49023,19405.69336,20497.12695,21774.10352,21490.33008,22367.11523,23167.50195,24324.41992,25030.2168,24557.26172,25968.84961,26675.98242,27677.54883,28936.17578,30739.43555,32599.35547,34740.23438,36890.07813,38451.11719,37516.125,38915.90625,40408.60156,42076.94531,43251.55078,44574.21484,46285.90234,48087.84375,50416.55078,52280.44531,53667.33594
RGDPNAHRA666NRUG,Real GDP at Constant National Prices by Nation,Millions of 2017 U.S. Dollars,Croatia,HR,91513.22656,72214.32031,63755.70703,58638.82422,62081.29297,66323.66406,70192.67188,74932.72656,76433.59375,75808.53125,78293.99219,80914.44531,85053.89063,89851.20313,93589.34375,97626.8125,102509.19531,107907.71094,109806.36719,101725.17188,100203.10156,99892.64063,97657.3125,97121.67188,97020.77344,99385.30469,102847.42969,106075.99219,108934.54688,112132.875
RGDPNAHUA666NRUG,Real GDP at Constant National Prices by Nation,Millions of 2017 U.S. Dollars,Hungary,HU,175553.75000,154676.82813,149937.26563,149073.45313,153466.875,155752.79688,155881.15625,160780.70313,167051.15625,172181.34375,179893.67188,187222.70313,196099.46875,204109.20313,213953.09375,223032.45313,232022.92188,232584.82813,235046.25,219299.21875,221760.125,226055.875,222934.875,227083.15625,236686.39063,245726.45313,250985.0,261819.46875,275971.59375,288606.09375
RGDPNAIDA666NRUG,Real GDP at Constant National Prices by Nation,Millions of 2017 U.S. Dollars,Indonesia,ID,774478.12500,843623.25,904537.0,970148.875,1043297.75,1129058.375,1217328.375,1274538.375,1107235.75,1115993.625,1170903.125,1213564.625,1268168.625,1328791.75,1395641.625,1475089.5,1556233.625,1654976.75,1754502.375,1835716.0,1949968.25,2070277.0,2195115.75,2317104.0,2433113.75,2551760.25,2680192.0,2816072.25,2961655.0,3110469.5
RGDPNAIEA666NRUG,Real GDP at Constant National Prices by Nation,Millions of 2017 U.S. Dollars,Ireland,IE,102740.98438,104723.52344,108224.71094,111138.77344,117535.73438,128859.63281,138357.75,153596.9375,167001.9375,184547.89063,201920.70313,212643.10938,225188.5,231946.23438,247678.78125,261887.01563,274959.875,289584.15625,276731.125,262687.875,267345.96875,268952.9375,269296.6875,272600.5625,296154.46875,370715.53125,378106.71875,412625.75,447766.5625,472685.65625
RGDPNAILA666NRUG,Real GDP at Constant National Prices by Nation,Millions of 2017 U.S. Dollars,Israel,IL,101372.50000,109204.65625,117678.14063,122522.65625,131623.45313,143104.78125,150280.82813,156379.96875,162985.9375,168889.39063,183827.60938,184118.14063,183793.70313,185823.59375,194923.79688,203000.82813,214731.28125,227750.67188,235344.90625,237757.92188,251015.48438,263261.78125,269500.96875,281006.71875,291623.3125,298366.1875,310246.90625,321337.1875,332395.0,344039.4375
RGDPNAINA666NRUG,Real GDP at Constant National Prices by Nation,Millions of 2017 U.S. Dollars,India,IN,1581110.37500,1597820.125,1685419.0,1765489.375,1883052.0,2025683.75,2178613.0,2266842.75,2407034.0,2619954.25,2720586.5,2851826.75,2960309.5,3193001.25,3445980.75,3719020.5,4018801.0,4326674.0,4460225.5,4810883.0,5219692.0,5493272.5,5793006.0,6162954.0,6619643.5,7148966.5,7739207.0,8284343.0,8791310.0,9163052.0
RGDPNAIQA666NRUG,Real GDP at Constant National Prices by Nation,Millions of 2017 U.S. Dollars,Iraq,IQ,154415.57813,52316.125,65726.94531,97651.88281,93142.50781,76087.51563,113856.3125,138771.5625,187143.28125,220047.3125,223142.21875,228286.34375,212534.1875,142182.53125,219187.0625,222858.9375,235424.39063,239870.46875,259607.29688,268380.1875,285563.40625,307113.34375,349914.0,376606.09375,377348.53125,395171.125,449654.84375,432711.4375,436406.5,455805.0
RGDPNAIRA666NRUG,Real GDP at Constant National Prices by Nation,Millions of 2017 U.S. Dollars,Iran,IR,455057.37500,512923.15625,529839.25,522045.28125,513179.46875,525501.125,568337.0,579926.8125,591088.625,609827.1875,634750.0,647505.3125,699285.625,758065.0625,783516.5625,808509.25,848933.0625,918170.125,920473.5,929746.125,983652.25,1009676.875,934510.9375,932697.25,975633.3125,962748.5625,1091720.75,1132717.0,1071334.875,1001589.25
RGDPNAISA666NRUG,Real GDP at Constant National Prices by Nation,Millions of 2017 U.S. Dollars,Iceland,IS,7648.98486,7631.88818,7374.39648,7471.25537,7740.88184,7749.90625,8104.32275,8571.16992,9179.34277,9550.46875,10017.63867,10408.20703,10479.10449,10716.78516,11578.65137,12311.58008,12957.79297,14171.33105,14453.62207,13474.06836,13011.11621,13255.93555,13427.79102,13982.875,14274.08691,14951.95996,15942.83301,16667.5918,17303.36328,17635.35938
RGDPNAITA666NRUG,Real GDP at Constant National Prices by Nation,Millions of 2017 U.S. Dollars,Italy,IT,2011688.62500,2042542.625,2058330.375,2040047.875,2083947.375,2142860.0,2170005.25,2209721.0,2249730.75,2286305.0,2372886.25,2419190.25,2425333.5,2428695.75,2463270.5,2483416.5,2527885.5,2565477.0,2540796.5,2406618.75,2447851.25,2465165.75,2391681.5,2347649.0,2347542.25,2365813.25,2396414.25,2436383.25,2459384.75,2467813.5
RGDPNAJMA666NRUG,Real GDP at Constant National Prices by Nation,Millions of 2017 U.S. Dollars,Jamaica,JM,18625.86523,18788.67773,20729.72461,21137.55664,21326.09766,21545.60352,21613.19531,21400.45703,21137.99609,21346.99805,21494.58984,21769.89844,21916.81836,22720.35938,23021.13867,23226.90039,23900.25586,24245.42383,24048.62695,23003.61719,22668.43945,23060.67383,22919.17188,23037.82422,23196.74414,23410.5,23732.44727,23969.08789,24422.08789,24640.00195
RGDPNAJOA666NRUG,Real GDP at Constant National Prices by Nation,Millions of 2017 U.S. Dollars,Jordan,JO,29890.99414,30371.79883,34730.08594,36286.07422,38095.57422,40452.28906,41294.97266,42663.31641,43948.375,45438.0625,47367.21094,49863.41797,52747.42188,54942.60938,59649.65234,64509.07813,69729.77344,75430.96094,80877.40625,84940.92969,86906.8125,89284.48438,91454.46875,93842.88281,97019.08594,99439.72656,101423.5,103539.78125,105541.46875,107604.02344
RGDPNAJPA666NRUG,Real GDP at Constant National Prices by Nation,Millions of 2017 U.S. Dollars,Japan,JP,3861174.75000,3993129.75,4026994.25,4006137.75,4045921.5,4156866.5,4285729.0,4331845.5,4282964.0,4272173.0,4390924.0,4408766.0,4413968.0,4481423.0,4580224.5,4656378.5,4722499.5,4800618.5,4748122.0,4490944.0,4679192.5,4673791.5,4743669.0,4838555.0,4856686.0,4916079.5,4941739.0,5048890.0,5065208.5,5099254.0
RGDPNAKEA666NRUG,Real GDP at Constant National Prices by Nation,Millions of 2017 U.S. Dollars,Kenya,KE,76082.51563,77153.45313,76541.48438,76816.875,78836.35938,82309.26563,85720.96094,85952.6875,88836.96094,90706.6875,91158.07813,95230.25781,95774.75,98557.25,103587.23438,109711.61719,116651.80469,124643.35938,124933.11719,129064.49219,139905.82813,148456.3125,155218.4375,164356.25,173154.04688,183063.21875,193825.40625,203140.07813,215975.40625,227564.0625
RGDPNAKGA666NRUG,Real GDP at Constant National Prices by Nation,Millions of 2017 U.S. Dollars,Kyrgyzstan,KG,27052.65820,24903.61523,21457.49219,18140.31055,14496.7998,13710.51855,14681.84082,16137.58301,16479.99414,17082.46875,18012.32617,18971.86523,18968.57813,20302.12695,21728.71094,21690.57422,22363.60938,24274.10352,26313.52148,27073.00781,26945.33984,28550.2793,28525.11328,31638.79102,32911.94922,34187.55859,35669.88281,37360.60938,38764.59375,40511.76563
RGDPNAKHA666NRUG,Real GDP at Constant National Prices by Nation,Millions of 2017 U.S. Dollars,Cambodia,KH,9380.47949,10092.14453,10801.61621,11243.57227,12106.55078,12823.48145,13413.38379,14167.18945,14876.82813,16648.62109,18108.28516,19583.75781,20872.18945,22647.57422,24989.50977,28300.5957,31348.85547,34550.38672,36862.35547,36894.375,39094.35547,41858.17969,44919.41797,48255.96875,51668.37891,55303.88672,59110.16016,63252.04688,68094.16406,72751.4375
RGDPNAKMA666NRUG,Real GDP at Constant National Prices by Nation,Millions of 2017 U.S. Dollars,Comoros,KM,1334.73047,1358.5011,1474.39368,1518.71326,1438.57544,1490.50806,1470.53528,1532.59192,1550.21655,1579.98083,1617.81372,1655.02344,1693.08887,1728.6438,1761.48792,1810.80969,1859.60229,1560.28613,1673.15027,1727.37292,1810.30505,1916.89844,2037.86719,2219.79297,2306.26904,2352.21167,2417.6084,2552.90259,2651.11597,2735.20264
RGDPNAKNA666NRUG,Real GDP at Constant National Prices by Nation,Millions of 2017 U.S. Dollars,Saint Kitts and Nevis,KN,514.19220,504.6041,526.14557,561.93365,591.72583,623.57928,660.01404,705.05316,701.6214,724.21277,796.51855,838.8056,850.28369,816.83868,849.48242,932.16095,961.52209,967.30255,1026.50549,984.95905,978.9574,996.85712,974.64697,1027.1189,1091.67139,1102.95605,1134.12964,1111.7041,1144.20959,1172.88
RGDPNAKRA666NRUG,Real GDP at Constant National Prices by Nation,Millions of 2017 U.S. Dollars,Republic of Korea,KR,538682.68750,596742.25,633732.1875,677316.9375,740095.125,811252.0625,875265.5625,929274.3125,881607.6875,982701.125,1071742.0,1123747.25,1210558.25,1248658.125,1313555.625,1370150.875,1442280.125,1525925.75,1571901.75,1584362.125,1692175.25,1754543.25,1796696.625,1853556.875,1912916.125,1966652.0,2024606.875,2088576.875,2149300.5,2193132.25
RGDPNAKWA666NRUG,Real GDP at Constant National Prices by Nation,Millions of 2017 U.S. Dollars,Kuwait,KW,69621.67188,41071.36719,75082.28906,100425.15625,109092.04688,110592.30469,113899.61719,116746.40625,121016.58594,118853.59375,124421.57031,124690.42969,128454.25781,150703.90625,166135.60938,183761.09375,197571.14063,209408.95313,214601.95313,199416.5,194689.125,213434.70313,227577.75,230193.29688,231344.51563,232715.85938,239527.54688,228240.46875,231084.625,232072.4375
RGDPNAKZA666NRUG,Real GDP at Constant National Prices by Nation,Millions of 2017 U.S. Dollars,Kazakhstan,KZ,231616.95313,206243.39063,195273.20313,177234.5625,154957.26563,142183.17188,142894.07813,145323.28125,142562.14063,146411.32813,160759.64063,182462.1875,200343.46875,218975.42188,239997.0625,263276.78125,291447.40625,317386.1875,327859.9375,331794.25,356015.21875,382360.375,400713.65625,424756.5,442596.28125,447907.40625,452834.375,471400.59375,490728.03125,512810.75
RGDPNALAA666NRUG,Real GDP at Constant National Prices by Nation,Millions of 2017 U.S. Dollars,Lao PDR,LA,8288.36719,8644.4834,9125.10352,9661.05859,10408.92773,11184.78711,11955.24902,12781.74609,13292.34082,14259.80469,15088.30078,15957.8584,17053.39844,18112.38086,19384.10156,20695.75586,20508.44531,24248.18359,26135.83398,28096.53125,30381.07031,32823.85938,35416.42188,38259.05078,41171.31641,44164.30078,47266.0,50523.75391,53680.47266,56177.80078
RGDPNALBA666NRUG,Real GDP at Constant National Prices by Nation,Millions of 2017 U.S. Dollars,Lebanon,LB,28926.09375,39976.06641,41774.96094,44698.36328,48275.63672,51430.42578,54072.14844,52835.64063,54733.83203,54485.84375,55218.17188,57355.8125,59314.56641,61225.97266,65082.01953,66829.97656,67865.51563,74184.21875,80912.07813,89191.13281,96304.24219,97139.53125,99607.39844,103403.46094,105948.59375,106172.78906,107796.73438,108713.75,106619.48438,100609.16406
RGDPNALCA666NRUG,Real GDP at Constant National Prices by Nation,Millions of 2017 U.S. Dollars,Saint Lucia,LC,1231.03931,1238.28223,1328.63672,1332.21985,1355.42749,1370.76794,1467.19287,1462.10852,1555.15857,1590.63855,1584.875,1526.20361,1526.00256,1599.34546,1729.25439,1700.20288,1841.96289,1877.32178,1969.74304,1939.15332,1947.95618,2032.24622,2030.03247,1989.32825,2015.74915,2017.80371,2086.97168,2159.78003,2216.78662,2255.11426
RGDPNALKA666NRUG,Real GDP at Constant National Prices by Nation,Millions of 2017 U.S. Dollars,Sri Lanka,LK,66645.88281,69858.85156,72917.94531,77960.66406,82364.8125,86919.07031,90184.86719,95998.01563,100557.28906,104855.73438,111125.20313,109603.47656,114009.71875,120782.19531,127358.85938,135308.28125,145684.125,155586.01563,164843.53125,170677.21875,184358.60938,199853.46875,218129.23438,225536.28125,236724.46875,248578.875,259731.70313,269025.34375,277920.46875,284266.6875
RGDPNALRA666NRUG,Real GDP at Constant National Prices by Nation,Millions of 2017 U.S. Dollars,Liberia,LR,2115.16357,1814.27722,1177.72559,789.36603,617.58142,591.23407,662.89886,1367.42639,1780.50037,2167.60693,2787.88794,2869.25854,2977.22192,2079.73169,2134.2334,2246.96313,2550.30298,3506.66675,3790.70703,4086.38208,4384.6875,4744.23193,5280.33008,5523.22559,5810.43311,6350.80371,6319.04883,6477.02539,6556.21045,6406.84424
RGDPNALSA666NRUG,Real GDP at Constant National Prices by Nation,Millions of 2017 U.S. Dollars,Lesotho,LS,2189.40088,2279.37329,2381.15234,2467.27246,2547.71582,2664.76929,2926.2937,3164.73779,3010.49634,3100.05713,3259.37646,3397.22241,3415.30835,3575.52563,3657.53345,3756.38501,3918.18945,4103.65527,4542.79883,4634.16064,4946.31787,5211.20068,5562.63672,5795.52686,5962.66748,6120.68701,6429.60303,6344.62402,6315.90381,6411.65283
RGDPNALTA666NRUG,Real GDP at Constant National Prices by Nation,Millions of 2017 U.S. Dollars,Lithuania,LT,59192.80469,55833.22266,43963.65234,36829.73047,33232.91797,34326.30859,36097.02344,39097.01172,42019.81641,41540.125,43075.25,45886.38672,48984.37109,54160.04297,57718.07813,62181.05078,66791.23438,74210.05469,76150.21094,64850.58594,65921.42969,69902.42969,72589.375,75166.35938,77825.0,79400.625,81400.59375,84886.65625,88228.51563,92056.61719
RGDPNALUA666NRUG,Real GDP at Constant National Prices by Nation,Millions of 2017 U.S. Dollars,Luxembourg,LU,20681.21875,22468.94336,22877.79883,23838.81445,24749.67773,25104.14258,25452.69727,26905.97266,28532.3457,30952.17188,33502.56641,34350.84766,35662.86719,36243.91406,37553.11328,38744.46484,40750.83984,44155.39063,43590.38672,41690.44922,43718.67578,44828.79688,44670.76563,46303.20313,48292.75,50372.44531,52676.78516,53625.59375,55293.78906,56563.88281
RGDPNALVA666NRUG,Real GDP at Constant National Prices by Nation,Millions of 2017 U.S. Dollars,Latvia,LV,45364.01953,40640.47266,26473.67773,22537.39063,22682.96484,22499.08008,23077.17969,25122.64844,26715.62305,27447.91016,29004.75,30838.66211,33022.90234,35808.21484,38852.36328,43019.30859,48175.76172,53006.39063,51242.71094,43935.64063,41999.47656,44716.35938,46617.5625,47694.51563,48206.57422,50138.14453,51327.88672,52996.41016,55129.16016,56261.55469
RGDPNAMAA666NRUG,Real GDP at Constant National Prices by Nation,Millions of 2017 U.S. Dollars,Morocco,MA,92848.78906,99301.03906,95297.375,94332.46094,104103.44531,97254.01563,109135.77344,106704.35938,114893.82813,115502.09375,117341.53906,126203.11719,130388.05469,138624.625,145281.1875,149608.42188,161217.8125,165580.0625,175387.82813,191114.01563,198697.85938,211161.1875,216014.0625,226645.21875,235737.51563,247362.59375,255306.25,270101.90625,280390.125,290480.21875
RGDPNAMDA666NRUG,Real GDP at Constant National Prices by Nation,Millions of 2017 U.S. Dollars,Moldova,MD,49036.79688,40463.76953,28709.82031,28374.17578,19601.12305,19331.54883,18195.42188,18495.12695,17285.14453,16702.9375,17054.99023,18102.4082,19516.14258,20808.76563,22340.97461,24016.85938,25165.98047,25920.56445,27952.10938,26277.89648,28142.06836,29779.41992,29603.80078,32281.12695,33895.06641,33780.42188,35269.75781,36924.19141,38512.47656,39843.57422
RGDPNAMEA666NRUG,Real GDP at Constant National Prices by Nation,Millions of 2017 U.S. Dollars,Montenegro,ME,9970.44336,8893.13672,6802.90576,4317.80664,4382.1875,5008.82764,6390.86914,6811.49072,7124.80957,6532.50684,7481.05078,7563.33057,7707.33057,7898.67773,8248.29395,8593.12109,9329.22559,9964.56055,10684.27539,10065.11133,10340.3252,10674.1582,10383.41602,10751.92188,10943.70508,11314.73535,11648.43848,12197.83398,12817.22559,13337.98438
RGDPNAMGA666NRUG,Real GDP at Constant National Prices by Nation,Millions of 2017 U.S. Dollars,Madagascar,MG,22140.44531,20743.48633,20989.53516,21429.59375,21414.25,21780.90625,22248.96094,23069.88477,23974.35938,25101.02344,26290.11914,27864.5,24339.4043,26721.48633,28126.23438,29420.85938,30898.55469,32826.82813,35030.37109,33636.61719,33844.91016,34379.125,35414.32813,36228.99609,37438.75391,38611.44922,40153.25781,41732.61328,43065.69531,44965.42188
RGDPNAMKA666NRUG,Real GDP at Constant National Prices by Nation,Millions of 2017 U.S. Dollars,Macedonia,MK,20428.39844,19788.95117,18174.9668,17952.45313,17621.75586,17425.31055,17631.78711,17885.70703,18490.10742,19292.37305,20170.11719,19551.46289,19843.49414,20284.53125,21232.66406,22235.69727,23377.93555,24891.29883,26253.33008,26159.16992,27037.79883,27670.46289,27544.2832,28349.91016,29378.89258,30511.6543,31380.73633,31720.14063,32582.9043,33739.85938
RGDPNAMLA666NRUG,Real GDP at Constant National Prices by Nation,Millions of 2017 U.S. Dollars,Mali,ML,3425.88770,3928.03052,3857.60986,4031.50562,4319.78711,5927.96143,7125.68164,7942.81006,8460.06934,9578.125,10028.61719,11498.93555,12410.79785,14018.2793,13155.77051,14519.83105,16336.79102,17693.20703,19382.17578,21658.9043,24013.02734,25874.01172,28775.93945,30794.42578,33192.91797,35683.92188,38861.42188,41476.11719,44285.11719,47226.65625
RGDPNAMNA666NRUG,Real GDP at Constant National Prices by Nation,Millions of 2017 U.S. Dollars,Mongolia,MN,9990.11133,9121.61719,8277.27734,8014.98779,8186.05908,8708.03711,8902.66895,9249.58008,9558.51074,9851.99219,9964.90234,10259.13672,10744.7002,11497.32617,12718.96582,13641.55664,14808.75879,16326.36328,17779.4707,17553.91992,18671.28125,21899.72852,24597.67578,27463.07422,29628.62891,30333.63672,30942.19727,32623.94141,34920.80078,36614.54688
RGDPNAMOA666NRUG,Real GDP at Constant National Prices by Nation,Millions of 2017 U.S. Dollars,Macao,MO,12345.52344,12797.38086,14499.27441,15251.21094,15899.83594,16423.90039,16355.16406,16309.47754,15563.92969,15196.77734,16070.21973,16534.29688,18013.73047,20112.9082,25494.22656,27548.96875,31216.87109,35726.96484,36939.50781,37427.46875,46883.13672,57043.94922,62313.06641,69292.26563,68460.07031,53676.40625,53290.78516,58560.04688,61747.20313,58838.31641
RGDPNAMRA666NRUG,Real GDP at Constant National Prices by Nation,Millions of 2017 U.S. Dollars,Mauritania,MR,8786.48438,9037.7041,9235.23828,10035.87109,10519.20996,10266.26953,11350.12793,10891.06152,11193.59082,11604.75195,11150.07422,11060.93066,11213.73535,11990.65234,12558.1416,13633.9082,16133.43848,15815.7041,15763.3418,15778.76953,16192.20996,16867.875,17621.87109,18353.32227,19137.89648,20166.81445,20421.09766,21135.25977,21582.32813,22862.27148
RGDPNAMTA666NRUG,Real GDP at Constant National Prices by Nation,Millions of 2017 U.S. Dollars,Malta,MT,5035.57764,5350.62793,5601.62305,5852.61719,6183.35449,6575.53369,6823.91357,7182.64551,7550.79932,7907.19482,8442.52734,8493.8877,8747.24512,8969.75391,9009.52734,9350.41699,9521.40918,9900.97559,10232.3125,9980.36523,10333.9375,10479.40723,10774.88574,11297.88477,12312.41016,13657.64648,14453.4209,15395.13184,16523.65039,17294.8418
RGDPNAMUA666NRUG,Real GDP at Constant National Prices by Nation,Millions of 2017 U.S. Dollars,Mauritius,MU,8858.62500,9224.24023,9796.84863,10289.90723,10726.03906,11199.7959,11774.93457,12458.8623,13215.50977,13560.39746,14672.74707,15163.97168,15421.29688,16321.81152,17028.58789,17331.4043,18174.63086,19215.51172,20250.68359,20921.98828,21837.77344,22728.19727,23522.80078,24313.25,25223.73438,26119.94727,27122.41797,28156.85547,29215.56055,30252.94141
RGDPNAMVA666NRUG,Real GDP at Constant National Prices by Nation,Millions of 2017 U.S. Dollars,Maldives,MV,2071.50415,2230.03784,2369.54712,2515.39771,2682.38647,2872.62646,3098.37622,3358.57593,3610.29053,3833.24976,3980.66943,3823.68628,4101.60645,4665.57959,4947.08887,4297.58301,5419.74609,5837.81836,6391.55469,5929.51904,6360.30664,6905.17725,7079.00684,7594.43457,8151.07813,8386.2002,8917.74219,9560.7041,10337.87109,11060.11328
RGDPNAMWA666NRUG,Real GDP at Constant National Prices by Nation,Millions of 2017 U.S. Dollars,Malawi,MW,7650.68896,8247.49609,7594.44482,8412.32129,7437.43213,8108.44873,8892.73438,9229.98438,9340.96191,9456.77734,9606.15332,9145.52148,9388.34082,9924.00586,10461.93457,10803.90723,11311.69141,12397.61426,13344.75977,14456.125,15449.84961,16199.78906,16102.1377,17109.57422,18172.625,18767.8418,19271.12695,20276.86133,21063.74219,22166.92773
RGDPNAMXA666NRUG,Real GDP at Constant National Prices by Nation,Millions of 2017 U.S. Dollars,Mexico,MX,1182592.75000,1232524.875,1277248.875,1322641.25,1387994.0,1300672.0,1388770.0,1483857.0,1560482.375,1603451.0,1682700.875,1675896.125,1675228.375,1699458.625,1766087.375,1806845.375,1888064.5,1931328.375,1953414.625,1850162.25,1944855.75,2016096.0,2089528.625,2117822.75,2177213.75,2248800.5,2314252.75,2363270.5,2413749.0,2406409.75
RGDPNAMYA666NRUG,Real GDP at Constant National Prices by Nation,Millions of 2017 U.S. Dollars,Malaysia,MY,168376.79688,184449.14063,200837.67188,220710.4375,241042.375,264734.65625,291215.25,312540.21875,289539.0625,307309.84375,334534.03125,336265.8125,354393.875,374907.9375,400339.59375,421686.25,445236.8125,473281.34375,496149.1875,488639.8125,524920.5625,552709.4375,582961.6875,610324.3125,646984.8125,679926.25,710181.5,751462.375,787306.75,821182.8125
RGDPNAMZA666NRUG,Real GDP at Constant National Prices by Nation,Millions of 2017 U.S. Dollars,Mozambique,MZ,6041.37695,6337.4043,5949.25684,6579.79053,7009.67383,7168.07617,7971.08057,8871.89746,9752.98926,10893.94531,11022.52637,12354.80469,13502.69629,14431.4834,15573.93848,16608.96875,18219.10352,19627.39453,21063.67969,22394.52539,23850.69531,25619.79297,27479.39063,29392.94531,31567.58789,33689.96484,34978.33984,36286.99219,37536.65234,38393.83203
RGDPNANAA666NRUG,Real GDP at Constant National Prices by Nation,Millions of 2017 U.S. Dollars,Namibia,NA,8278.08887,8954.04492,9597.78223,9446.18164,9609.58984,9984.26855,10302.89844,10737.69043,11091.13086,11464.82324,11865.19531,12004.96094,12579.83789,13113.19824,14722.12695,15094.48828,16162.14844,17030.70898,17481.99023,17533.73242,18592.63867,19539.25195,20528.26758,21680.87109,22929.21094,23967.16211,23899.88477,23838.63477,24005.11523,23732.87695
RGDPNANEA666NRUG,Real GDP at Constant National Prices by Nation,Millions of 2017 U.S. Dollars,Niger,NE,8039.21240,8068.37207,8085.15088,8160.36182,8378.54883,8653.74707,9094.15723,9139.27832,10301.06152,10403.43457,10134.6582,10896.56934,11471.58008,11861.54883,11764.10449,12637.11035,13367.06543,13787.66309,15109.58789,15001.90527,16257.45117,16627.8418,18598.21094,19578.03711,21052.07813,21965.23828,23214.74219,24374.99805,26082.36328,27602.59766
RGDPNANGA666NRUG,Real GDP at Constant National Prices by Nation,Millions of 2017 U.S. Dollars,Nigeria,NG,302596.40625,303680.75,317744.84375,311278.34375,305628.875,305406.8125,318221.4375,327567.9375,336023.28125,337986.09375,354939.25,375943.4375,433572.34375,465427.8125,508482.4375,541221.1875,574016.125,611850.25,653238.6875,705739.0,762238.0,802697.0,836651.625,892467.4375,948779.625,973947.8125,958200.4375,966005.375,984634.9375,1006236.5625
RGDPNANLA666NRUG,Real GDP at Constant National Prices by Nation,Millions of 2017 U.S. Dollars,Netherlands,NL,533246.37500,546252.5,555572.0,562558.9375,579216.8125,597265.0,618161.8125,644922.375,675001.0,708980.875,738727.1875,755917.0625,757559.4375,758738.5625,773799.125,789668.75,816999.125,847823.1875,866223.6875,834460.3125,845664.9375,858782.8125,849934.25,848827.875,860910.0625,877776.75,897015.125,923126.3125,944920.6875,960770.875
RGDPNANOA666NRUG,Real GDP at Constant National Prices by Nation,Millions of 2017 U.S. Dollars,Norway,NO,194931.28125,200944.35938,208126.89063,214048.78125,224869.85938,234214.29688,245990.48438,258990.07813,265787.0625,271137.0,279826.875,285632.71875,289763.6875,292400.875,304007.4375,311989.0625,319476.125,329042.03125,330609.53125,324899.84375,327180.09375,330391.28125,339322.0,342830.8125,349583.03125,356459.78125,360279.4375,368649.65625,373403.59375,377715.34375
RGDPNANPA666NRUG,Real GDP at Constant National Prices by Nation,Millions of 2017 U.S. Dollars,Nepal,NP,27925.53906,29703.39844,30923.64063,32113.19531,34752.65625,35958.03125,37877.36328,39869.86328,41043.05469,42883.30469,45505.79688,48067.08594,48124.67969,50023.33203,52365.72656,54187.62109,56010.82813,57921.66797,61457.57813,64243.5,67337.73438,69641.91406,72971.63281,75984.53906,80535.19531,83211.35156,83701.17188,90584.32031,96654.42188,103411.73438
RGDPNANZA666NRUG,Real GDP at Constant National Prices by Nation,Millions of 2017 U.S. Dollars,New Zealand,NZ,84118.48438,82736.79688,83784.65625,89258.17188,93914.21875,98212.875,101510.82813,104564.67188,105679.44531,111168.16406,113713.28125,118031.71875,124004.82031,129634.97656,133873.5625,138316.70313,141875.46875,147210.57813,144935.40625,147712.45313,149133.6875,153154.03125,156981.96875,160203.125,166031.75,173080.09375,179604.48438,186806.4375,192086.03125,196352.78125
RGDPNAOMA666NRUG,Real GDP at Constant National Prices by Nation,Millions of 2017 U.S. Dollars,Oman,OM,52334.65234,55494.50781,60216.11328,63909.64063,66366.04688,69570.34375,71584.36719,76005.95313,76730.8125,76985.17188,82028.52344,85705.70313,84762.16406,82500.21094,83566.28125,85647.26563,90248.14063,94266.60938,101996.53125,108230.96875,110086.04688,113013.07813,123235.16406,129526.07031,131415.28125,137500.29688,144508.78125,145009.25,146342.46875,145134.79688
RGDPNAPAA666NRUG,Real GDP at Constant National Prices by Nation,Millions of 2017 U.S. Dollars,Panama,PA,25959.35547,28404.46875,30734.11133,32410.88672,33334.64453,33918.55859,34871.87109,37126.50781,39852.87109,41411.32813,42538.45703,42781.61719,43735.17188,45574.57031,49002.72656,52526.64844,57005.99219,63910.94141,70209.78125,71082.47656,75225.17188,83735.85938,91924.24219,98270.17969,103249.14844,109168.10156,114575.67188,120981.96875,125334.9375,129144.78906
RGDPNAPEA666NRUG,Real GDP at Constant National Prices by Nation,Millions of 2017 U.S. Dollars,Peru,PE,110763.19531,113221.32031,112609.35156,118514.10156,133101.26563,142965.90625,146967.48438,156486.3125,155873.60938,158203.78125,162466.375,163470.25,172385.14063,179565.03125,188468.21875,200313.5625,215394.98438,233743.15625,255075.875,257871.0625,279358.0625,297033.5625,315270.65625,333721.875,341671.6875,352783.6875,366730.34375,375967.6875,390919.65625,399324.96875
RGDPNAPHA666NRUG,Real GDP at Constant National Prices by Nation,Millions of 2017 U.S. Dollars,Philippines,PH,257518.40625,256029.07813,256893.45313,262330.09375,273840.15625,286652.3125,303409.625,319142.53125,317301.9375,327080.9375,341509.21875,351392.4375,364203.84375,382306.15625,407911.5625,427400.21875,449808.625,479570.9375,499486.375,505222.125,543782.0625,563683.0625,601358.6875,643838.8125,683404.5625,724863.6875,774763.6875,826499.0,878103.4375,929959.5
RGDPNAPKA666NRUG,Real GDP at Constant National Prices by Nation,Millions of 2017 U.S. Dollars,Pakistan,PK,327524.75000,344102.65625,370616.78125,377133.375,391228.4375,410643.5625,430545.71875,434913.1875,446004.5,462328.875,482024.46875,491580.0,507430.78125,532022.5,571221.6875,615022.5,653015.8125,684574.875,696222.25,715936.875,727439.8125,747432.8125,773645.4375,807658.5,845414.1875,885411.9375,934346.3125,986242.5625,1043742.875,1078572.625
RGDPNAPLA666NRUG,Real GDP at Constant National Prices by Nation,Millions of 2017 U.S. Dollars,Poland,PL,416990.00000,387735.78125,397487.21875,412346.53125,434171.21875,464354.15625,492751.21875,524529.0625,548869.9375,574419.5,600618.3125,608177.5625,620558.875,642269.0625,674272.25,697917.9375,740708.1875,793013.6875,826319.9375,849722.875,881506.9375,923445.8125,935680.5,946214.0625,978182.625,1019621.625,1051655.375,1102457.25,1161479.625,1214221.5
RGDPNAPTA666NRUG,Real GDP at Constant National Prices by Nation,Millions of 2017 U.S. Dollars,Portugal,PT,216317.45313,225766.65625,228226.32813,223563.03125,225720.04688,235387.15625,243635.6875,254357.78125,266587.21875,277001.65625,287572.5,293161.96875,295422.0625,292673.09375,297908.21875,300237.4375,305116.375,312764.375,313762.84375,303966.9375,309248.71875,304003.375,291669.0625,288978.0,291267.25,296486.90625,302474.40625,313080.1875,322000.90625,329200.75
RGDPNAPYA666NRUG,Real GDP at Constant National Prices by Nation,Millions of 2017 U.S. Dollars,Paraguay,PY,32137.53516,32930.85547,33523.62109,34912.13281,35992.375,37949.75391,38107.65234,39245.59766,39477.0,38886.24609,37593.125,38363.9375,44129.48438,46036.20703,47904.08984,48926.125,51278.05469,54058.15625,57495.78125,57347.46094,63738.10938,66446.40625,66088.58594,71651.59375,75134.5,77448.92188,80789.21875,84791.32813,87637.07813,87833.36719
RGDPNAQAA666NRUG,Real GDP at Constant National Prices by Nation,Millions of 2017 U.S. Dollars,Qatar,QA,33652.98047,33093.59375,36843.26953,36355.04688,36870.82031,37755.43359,39406.82813,51233.62109,56981.33984,59422.45703,64192.96875,66695.29688,71485.70313,74144.92188,88394.46875,95016.75,119883.75,141446.14063,166429.8125,186329.20313,217505.35938,245827.09375,257349.40625,268699.21875,279390.71875,289609.40625,295781.75,300454.59375,304941.5625,304382.5
RGDPNAROA666NRUG,Real GDP at Constant National Prices by Nation,Millions of 2017 U.S. Dollars,Romania,RO,286234.28125,249257.9375,227405.03125,230881.67188,239959.79688,257088.65625,267134.90625,254181.3125,249021.95313,248083.89063,254189.89063,267454.0,282706.78125,289325.40625,319496.5625,334411.15625,361260.4375,387393.3125,423449.84375,400086.34375,384478.0625,392195.21875,400341.71875,414411.875,428546.65625,445137.90625,466508.125,499683.6875,521853.875,543143.125
RGDPNARSA666NRUG,Real GDP at Constant National Prices by Nation,Millions of 2017 U.S. Dollars,Serbia,RS,119526.39063,105584.75781,75873.34375,52785.51563,54155.24609,57235.08594,60820.33984,65203.89453,67382.28125,61032.0625,64774.43359,69230.125,73647.28125,76878.75,83819.51563,88455.02344,92973.11719,98960.14063,104556.92188,101700.67969,102444.15625,104530.20313,103817.78125,106820.85938,105122.92969,107021.50781,110594.51563,112918.28125,117994.10156,123007.10938
RGDPNARUA666NRUG,Real GDP at Constant National Prices by Nation,Millions of 2017 U.S. Dollars,Russian Federation,RU,3265563.25000,3102289.5,2652452.0,2421689.0,2114134.25,2027454.875,1954309.0,1981300.75,1875403.0,1994511.75,2194873.5,2306617.25,2416038.0,2592309.0,2778331.5,2955483.25,3196456.25,3469276.75,3651342.75,3365775.25,3517360.5,3667347.0,3801421.75,3869290.5,3896372.0,3820211.0,3831142.75,3899889.25,3998750.75,4052184.5
RGDPNARWA666NRUG,Real GDP at Constant National Prices by Nation,Millions of 2017 U.S. Dollars,Rwanda,RW,5720.31543,5511.39307,5877.70654,5370.60547,2749.08569,3670.65112,4400.73389,5251.06885,5984.38574,6649.45752,7206.53027,7818.34473,8848.76953,9045.19336,9718.18945,10629.47168,11608.37402,12497.11523,13891.40723,14757.6084,15839.55371,17101.82422,18579.83984,19455.69922,20656.78711,22485.79297,23828.5625,24775.26367,26900.51563,29437.9375
RGDPNASAA666NRUG,Real GDP at Constant National Prices by Nation,Millions of 2017 U.S. Dollars,Saudi Arabia,SA,688736.56250,792101.375,823686.6875,812453.75,816993.125,818725.875,840319.125,849594.4375,874176.25,841278.5625,888604.0,877845.25,853097.25,949003.0,1024528.875,1081634.5,1111794.875,1132331.125,1203099.25,1178324.5,1237706.125,1361437.5,1435111.0,1473848.125,1527680.375,1590413.25,1616983.125,1604992.875,1644060.375,1649509.25
RGDPNASDA666NRUG,Real GDP at Constant National Prices by Nation,Millions of 2017 U.S. Dollars,Sudan,SD,41301.54688,44563.46094,47423.29688,47420.73047,50008.62109,52803.35156,56124.22656,61086.18359,67144.76563,67547.83594,69302.53906,77639.39063,83176.89063,87850.15625,90722.53906,102801.44531,108857.29688,111383.69531,110595.0,120039.60938,130058.66406,135000.89063,135933.75,145173.03125,155397.67188,161628.60938,167406.79688,175231.5625,180168.60938,182462.5625
RGDPNASEA666NRUG,Real GDP at Constant National Prices by Nation,Millions of 2017 U.S. Dollars,Sweden,SE,288370.65625,285066.03125,281763.25,275943.125,286787.59375,298073.21875,302781.15625,312078.15625,325534.4375,339360.5,355535.59375,360689.09375,368613.125,377127.40625,393482.875,404731.78125,423603.5,438172.1875,436197.9375,417267.875,442104.09375,456230.8125,453546.78125,458933.875,471131.4375,492281.84375,502475.0,515378.21875,525428.125,532053.6875
RGDPNASGA666NRUG,Real GDP at Constant National Prices by Nation,Millions of 2017 U.S. Dollars,Singapore,SG,99293.42969,105934.67969,112968.40625,125917.71875,139891.625,149965.09375,161169.5625,174578.73438,170746.0625,180519.57813,196837.01563,194732.79688,202355.82813,211534.25,232306.03125,249401.51563,271860.46875,296388.09375,301925.34375,302290.625,346200.28125,368142.0,384567.0625,403169.71875,419046.53125,431569.84375,445567.6875,464890.21875,480873.625,484399.90625
RGDPNASIA666NRUG,Real GDP at Constant National Prices by Nation,Millions of 2017 U.S. Dollars,Slovenia,SI,38279.89063,34872.94141,32967.58594,33904.99219,35711.28125,37178.0,38368.80859,40306.35156,41628.14844,43848.04297,45458.30078,46920.49609,48565.33984,50003.0,52182.72656,54164.61328,57277.12891,61275.16406,63425.82422,58638.16406,59426.11328,59937.96875,58355.94141,57755.29688,59354.05078,60665.82422,62602.1875,65603.0625,68479.42188,70660.03906
RGDPNASKA666NRUG,Real GDP at Constant National Prices by Nation,Millions of 2017 U.S. Dollars,Slovakia,SK,68438.82031,58487.21094,54631.38672,55672.50781,59127.28125,62582.38281,66725.27344,70679.30469,73560.25,73482.34375,74339.53125,76758.38281,80219.76563,84631.10938,89098.6875,95000.10156,103068.63281,114233.05469,120601.42188,114021.96875,120716.49219,124153.55469,126508.42188,127351.65625,130715.75781,137009.59375,139931.625,144190.14063,149624.14063,153090.96875
RGDPNASLA666NRUG,Real GDP at Constant National Prices by Nation,Millions of 2017 U.S. Dollars,Sierra Leone,SL,8977.46387,8259.93945,7463.16211,7467.21387,7728.56641,6953.77734,5230.16797,4309.87451,4273.78271,3926.67529,4076.17505,4816.81348,6089.28613,6656.38916,7095.57373,7415.23584,7728.44922,8351.25684,8802.40137,9082.72461,9568.37402,10172.63965,11717.12695,14144.36133,14789.23828,11758.80469,12504.76074,12977.8291,13425.06641,14164.47754
RGDPNASNA666NRUG,Real GDP at Constant National Prices by Nation,Millions of 2017 U.S. Dollars,Senegal,SN,17213.21875,17144.95313,17524.46094,17135.69531,17627.4375,18460.50391,19424.31445,20031.13672,21212.70508,23572.3125,23280.76563,24347.23828,24506.66406,26141.46484,27679.38477,29235.6875,29955.3457,31434.68555,32592.27539,33382.04297,34777.19922,35389.66797,36807.38672,38227.55859,39785.40234,42318.46875,45014.09375,48342.31641,51418.24609,54101.00781
RGDPNASRA666NRUG,Real GDP at Constant National Prices by Nation,Millions of 2017 U.S. Dollars,Suriname,SR,4273.99658,4391.25244,4407.76074,4112.35156,4251.75928,4252.12012,4296.23389,4542.80957,4648.67529,4583.42139,4678.06152,4873.94385,5009.30029,5324.03271,5749.91113,5975.50586,6319.94971,6642.20068,6917.81104,7126.49463,7494.4873,7932.68945,8146.62939,8385.39941,8406.69922,8119.71143,7668.27002,7803.39844,8004.71533,8026.18652
RGDPNASTA666NRUG,Real GDP at Constant National Prices by Nation,Millions of 2017 U.S. Dollars,São Tomé and Principe,ST,321.95151,325.81812,328.09885,331.70792,339.00552,345.78561,350.97241,354.46924,363.3309,372.41418,374.08395,385.54773,393.27054,420.65799,436.77859,467.76263,510.40222,527.00873,570.15051,583.9845,622.94781,650.34503,670.78003,703.07605,749.12708,778.4281,810.84778,842.05719,866.85809,878.14124
RGDPNASVA666NRUG,Real GDP at Constant National Prices by Nation,Millions of 2017 U.S. Dollars,El Salvador,SV,23236.47656,24067.50781,25883.00195,27790.45508,29471.88281,31357.07227,31891.89453,33246.13281,34492.4375,35682.11719,36450.23047,37073.13672,37940.91016,38813.66016,39531.95313,40940.30078,42541.96094,44175.61328,44738.125,43336.47656,43928.17578,44901.92578,45746.58203,46591.34375,47255.46484,48389.59375,49618.69141,50735.10938,51967.96875,53204.8125
RGDPNASYA666NRUG,Real GDP at Constant National Prices by Nation,Millions of 2017 U.S. Dollars,Syria,SY,92231.74219,99519.21094,112924.78125,118773.14844,127340.26563,136287.76563,149678.98438,157198.73438,167865.14063,161899.78125,162993.64063,169176.65625,182471.3125,183549.48438,196219.29688,208415.03125,218931.70313,231355.54688,241712.39063,256003.59375,264808.9375,276969.0,204018.3125,150361.14063,128268.375,120401.42188,115609.75,113875.60938,116950.25,122563.85938
RGDPNASZA666NRUG,Real GDP at Constant National Prices by Nation,Millions of 2017 U.S. Dollars,Swaziland,SZ,4242.89209,4317.57813,4456.896,4595.3125,4705.63623,4932.72363,5122.24268,5281.1626,5418.7002,5578.60889,5523.65967,5581.9209,5826.41504,6052.49219,6271.82959,6648.00195,7046.46582,7359.02295,7419.34131,7535.63574,7821.48389,7997.16016,8428.34277,8753.86816,8833.80859,9038.08789,9152.71777,9338.05664,9557.5957,9667.10352
RGDPNATDA666NRUG,Real GDP at Constant National Prices by Nation,Millions of 2017 U.S. Dollars,Chad,TD,5526.23193,5736.11865,5868.03223,5765.30518,6094.5918,6179.82959,6312.01074,6668.15479,7129.43262,7093.75977,7058.12891,7871.05908,8541.15723,9761.5957,13048.52637,14081.13965,13853.6875,16313.02539,16525.13281,18031.14453,20735.81641,21897.02148,24699.83789,22995.55273,23869.38477,24967.375,24293.25586,23715.15039,24261.21484,24979.35742
RGDPNATGA666NRUG,Real GDP at Constant National Prices by Nation,Millions of 2017 U.S. Dollars,Togo,TG,5799.88623,5813.0166,5622.38916,4704.33936,5359.8584,5722.76563,6161.29297,6395.96143,6249.27588,6413.09766,6351.31836,6403.61768,6648.65967,7095.46143,7026.02051,6698.16504,6875.6748,6794.87842,7070.90283,7462.4834,7917.63916,8850.00391,9905.6709,11042.39551,12287.31934,13649.65527,15136.68359,15794.78809,16570.33594,17448.56445
RGDPNATHA666NRUG,Real GDP at Constant National Prices by Nation,Millions of 2017 U.S. Dollars,Thailand,TH,379896.09375,411888.84375,449990.1875,489105.28125,528219.4375,571112.25,603391.375,586776.4375,541982.0,566762.8125,592014.0,612404.0625,650060.875,696795.125,740619.125,771633.625,809966.8125,853989.875,868727.0625,862727.625,927547.5625,935340.375,1003085.125,1030043.0,1040182.9375,1072781.25,1108789.125,1153407.625,1201034.5,1229521.375
RGDPNATJA666NRUG,Real GDP at Constant National Prices by Nation,Millions of 2017 U.S. Dollars,Tajikistan,TJ,26685.64258,24790.96289,17601.58398,14714.9248,11580.64453,10144.64551,8444.18164,8586.51563,9040.35352,9374.56152,10152.40625,11121.06055,12323.77051,13693.76953,15102.41113,16116.97559,17179.73828,18512.33984,19916.22461,20716.73047,22071.02344,22603.34961,24308.94922,26114.82422,27860.77148,29523.74805,31575.40039,35591.29297,38131.10938,40990.94531
RGDPNATMA666NRUG,Real GDP at Constant National Prices by Nation,Millions of 2017 U.S. Dollars,Turkmenistan,TM,46047.58594,43926.97266,37352.86719,37913.15625,31354.23828,29096.71875,31046.19727,27506.92773,29459.92188,34320.80859,36197.83594,37770.21484,37867.35156,39105.82813,41060.58984,46415.03906,51505.42188,57200.46484,65635.99219,69661.44531,76042.23438,87235.54688,96875.80469,106721.14844,117762.67969,125361.36719,133133.76563,141747.04688,150469.375,154983.45313
RGDPNATNA666NRUG,Real GDP at Constant National Prices by Nation,Millions of 2017 U.S. Dollars,Tunisia,TN,46180.97266,47983.68359,51729.16406,52860.67188,54542.98828,55823.94531,59816.24609,63069.87109,66200.0,70183.32031,73200.73438,75979.64844,76984.51563,80604.64063,85630.96875,88616.53125,93263.67188,99521.21094,103738.70313,106895.94531,110649.23438,108527.32031,112964.51563,116151.98438,119488.82813,120881.89844,122392.125,124739.67969,128062.22656,129398.25
RGDPNATRA666NRUG,Real GDP at Constant National Prices by Nation,Millions of 2017 U.S. Dollars,Turkey,TR,647458.18750,653456.875,692561.625,748257.625,707435.1875,758308.375,811430.3125,872521.3125,899498.4375,870146.3125,930475.6875,876973.25,933518.0,987318.5625,1084035.625,1181515.5,1263607.0,1327337.125,1338155.375,1273614.0,1380942.875,1535609.75,1609142.5,1745691.375,1831923.625,1943386.625,2007967.0,2158604.75,2222477.0,2242847.0
RGDPNATTA666NRUG,Real GDP at Constant National Prices by Nation,Millions of 2017 U.S. Dollars,Trinidad and Tobago,TT,13787.25781,14157.27637,13923.98438,13722.31152,14211.1123,14773.40527,15813.92383,17030.34766,18419.36328,19889.08984,21261.96484,22149.3457,23905.89453,27358.1543,29533.15039,31367.09961,35606.16406,37198.10938,38459.77344,36770.72656,37992.51563,37881.00391,38370.89453,39226.17969,38868.23828,39444.85938,37235.29297,36123.05078,36146.89063,35696.33203
RGDPNATWA666NRUG,Real GDP at Constant National Prices by Nation,Millions of 2017 U.S. Dollars,Taiwan,TW,304144.25000,329606.5625,356997.5625,381323.25,409933.53125,436573.21875,463538.78125,491589.03125,512259.5,546744.9375,581268.4375,573121.8125,604536.75,630076.25,673876.875,710154.4375,751134.5625,802591.5,809005.0625,795956.125,877505.3125,909745.375,929955.4375,953051.875,998028.625,1012657.375,1034582.4375,1068841.375,1098183.625,1127988.75
RGDPNATZA666NRUG,Real GDP at Constant National Prices by Nation,Millions of 2017 U.S. Dollars,Tanzania,TZ,27655.18945,29231.97266,30263.12305,31524.54883,32480.79297,33638.69141,35050.62109,36213.41797,37559.36719,39377.41406,41320.21094,43798.53125,46936.07031,50168.19141,54095.49609,58082.27344,60789.24219,65934.67188,69604.98438,73351.375,78015.69531,84182.46094,88510.28906,94512.6875,100875.71875,107090.30469,114444.3125,122195.53125,130690.08594,139809.57813
RGDPNAUAA666NRUG,Real GDP at Constant National Prices by Nation,Millions of 2017 U.S. Dollars,Ukraine,UA,905352.31250,826598.75,744382.6875,638517.1875,492079.40625,432288.84375,388871.40625,377250.90625,369917.25,369322.28125,391078.09375,427187.34375,449612.65625,492752.0625,550873.875,567792.4375,610782.4375,660963.3125,675792.0625,573501.0,575061.5625,606491.6875,607939.375,607776.625,567951.6875,512445.84375,524954.5625,537900.125,556217.1875,574202.5625
RGDPNAUGA666NRUG,Real GDP at Constant National Prices by Nation,Millions of 2017 U.S. Dollars,Uganda,UG,14059.83008,14833.92578,15520.75391,16616.09766,18411.2207,20140.375,21393.98828,22570.51953,24673.42188,26302.61133,27532.98047,29946.375,32059.67383,34034.1875,36009.30469,39612.90625,42405.35938,45824.86719,50603.48438,54092.24219,58511.82422,61946.67969,63950.49609,66967.26563,70012.96875,73999.73438,75909.10156,79337.53906,85424.67188,91112.75
RGDPNAUSA666NRUG,Real GDP at Constant National Prices by Nation,Millions of 2017 U.S. Dollars,United States,US,10087555.00000,10076635.0,10431579.0,10718744.0,11150584.0,11449898.0,11881846.0,12410257.0,12966412.0,13582736.0,14143361.0,14284560.0,14533353.0,14949183.0,15517086.0,16062235.0,16520807.0,16830766.0,16807780.0,16381405.0,16801388.0,17061950.0,17445766.0,17767130.0,18215924.0,18776158.0,19097498.0,19542980.0,20128580.0,20563592.0
RGDPNAUYA666NRUG,Real GDP at Constant National Prices by Nation,Millions of 2017 U.S. Dollars,Uruguay,UY,31382.34570,32380.44141,35328.11328,36248.42188,38890.60938,38326.54688,40458.10938,42453.10938,44371.51953,43511.0625,42671.35156,41030.99609,37858.48438,38163.35156,40073.12109,43062.54688,44827.54688,47759.94922,51187.26953,53359.39844,57523.24609,60492.67188,62633.01563,65537.64844,67660.25,67911.11719,69058.66406,70848.26563,71996.00781,72155.94531
RGDPNAUZA666NRUG,Real GDP at Constant National Prices by Nation,Millions of 2017 U.S. Dollars,Uzbekistan,UZ,115878.85938,115308.74219,102394.15625,100044.48438,94843.14844,93989.5625,95587.38281,100557.92969,104982.46875,109601.69531,113985.77344,119115.125,124117.96094,129363.79688,139008.17188,148688.20313,159752.71875,174893.95313,190634.39063,206075.78125,223592.25,240998.5,258773.73438,278400.625,298388.09375,320611.0625,340149.75,355325.625,374678.25,395524.28125
RGDPNAVCA666NRUG,Real GDP at Constant National Prices by Nation,Millions of 2017 U.S. Dollars,Saint Vincent and the Grenadines,VC,579.48309,586.06439,623.43835,637.52631,624.5376,671.08032,681.90424,706.79907,742.51788,773.90717,787.97815,801.91931,852.13275,917.62378,955.7124,979.60413,1055.06494,1090.07764,1107.35046,1084.06628,1047.79395,1043.34937,1057.84692,1077.21082,1090.28857,1104.79248,1125.75525,1137.01685,1161.61194,1165.58972
RGDPNAVEA666NRUG,Real GDP at Constant National Prices by Nation,Millions of 2017 U.S. Dollars,Venezuela,VE,10852.58301,11908.52734,12630.24023,12665.02246,12367.45703,12856.17676,12830.74316,13648.17969,13688.30176,12871.03613,13345.59375,13798.5791,12576.61621,11601.27344,13722.72852,15138.62695,16633.14258,18089.16211,19043.87695,18434.01758,18159.57813,18918.01367,19982.32031,20250.70898,19462.0625,18251.25586,15141.17969,12768.34473,10263.00977,6670.95605
RGDPNAVNA666NRUG,Real GDP at Constant National Prices by Nation,Millions of 2017 U.S. Dollars,Vietnam,VN,106851.28906,113220.53125,123009.625,132939.85938,144690.375,158494.54688,173297.96875,187424.65625,198228.59375,207689.625,221788.625,237080.9375,253865.82813,272502.625,293039.53125,315155.96875,337147.40625,361184.34375,381633.78125,402233.96875,428070.53125,454783.375,478647.53125,504599.1875,534792.5625,570513.0,605946.5625,647225.0,693021.3125,741653.5625
RGDPNAYEA666NRUG,Real GDP at Constant National Prices by Nation,Millions of 2017 U.S. Dollars,Yemen,YE,30268.93945,30363.10742,31850.66406,33146.46484,33863.67188,39503.41406,47611.62109,50102.125,52480.6875,54848.30078,59023.51172,62525.54688,65679.85938,69461.04688,72680.96094,76416.03906,79962.25,82740.96875,86062.52344,89621.03906,92594.1875,78623.21094,80342.35938,83226.67188,74398.5625,51738.72656,44181.94531,39780.56641,39245.44141,40069.59375
RGDPNAZAA666NRUG,Real GDP at Constant National Prices by Nation,Millions of 2017 U.S. Dollars,South Africa,ZA,379781.62500,375914.28125,367880.8125,372419.0625,384463.46875,396442.1875,413515.71875,424460.53125,426656.59375,436717.6875,454861.5625,467303.9375,484443.875,498730.5,521445.46875,548962.375,579725.1875,610801.1875,630292.1875,620597.625,639462.3125,660463.25,675081.625,691858.625,704637.3125,713048.8125,715894.625,726021.0,731735.125,732851.625
RGDPNAZMA666NRUG,Real GDP at Constant National Prices by Nation,Millions of 2017 U.S. Dollars,Zambia,ZM,16295.54297,15976.86523,15700.31738,16767.51172,15321.22168,15765.20117,16745.54688,17384.22852,17317.18359,18122.44727,18828.76953,19829.84961,20723.36719,22162.62109,23721.18555,25437.55469,27448.06055,29740.64258,32052.65039,35008.01563,38613.22266,40762.0625,43858.95313,46077.66016,48239.57031,49650.38672,51514.00391,53331.15234,55482.79297,56282.27344
RGDPNAZWA666NRUG,Real GDP at Constant National Prices by Nation,Millions of 2017 U.S. Dollars,Zimbabwe,ZW,20731.28711,21876.16797,20337.76563,20766.97461,21971.65234,22007.3418,24149.5293,24493.85938,24614.42578,23729.0,21790.65234,21748.47461,20456.79883,18930.34766,18240.80273,17499.66992,16865.47852,16314.43555,15540.88379,24792.75977,29670.81836,33882.26563,39528.89063,40315.31641,41273.58203,42008.19922,42325.72656,44316.74219,46457.09766,42694.07031
